order_id,customer_id,product_id,quantity,unit_price,total_amount,order_total,shipping_cost,tax,discount,status,payment_method,shipping_address,notes,tracking_number,order_value,order_timestamp
ORD_00001,325,PROD_187,9,46.25,954.2,462.79,14.5,33.51,0.0,returned,credit_card,6771 Oak Ave,,TRK752405,416.25,2023-03-06 00:00:00
ORD_00002,204,PROD_159,2,500.64,88.29,228.2,15.21,46.06,0.0,shipped,cash,3778 Pine Rd,,NOT_AVAILABLE,1001.28,2023-02-11 00:00:00
ORD_00003,220,PROD_003,8,97.74,393.36,254.74,6.82,12.93,14.45,pending,cash,4701 Main St,,TRK597063,781.92,2023-03-02 00:00:00
ORD_00005,171,PROD_198,6,298.97,219.12,587.97,0.0,7.79,38.95,processing,credit_card,6043 Oak Ave,,NOT_AVAILABLE,1793.8200000000002,NaT
ORD_00006,125,PROD_057,7,434.96,951.72,461.47,22.2,21.98,0.0,cancelled,paypal,2611 Pine Rd,,TRK585775,3044.72,2023-12-05 11:04:00+00:00
ORD_00008,127,PROD_083,7,278.58,123.17,695.56,16.38,16.51,0.0,delivered,cash,9735 Main St,,NOT_AVAILABLE,1950.06,2023-03-09 09:00:00+00:00
ORD_00009,124,PROD_138,1,146.23,502.85,540.91,22.99,36.56,0.0,cancelled,paypal,8587 Oak Ave,,TRK542546,146.23,2023-02-20 05:22:00+00:00
ORD_00010,144,PROD_032,2,274.26,333.3,761.51,13.42,48.37,0.0,delivered,cash,8012 Main St,Special delivery instructions,TRK683673,548.52,2023-06-02 12:24:00+00:00
ORD_00012,490,PROD_200,9,422.39,734.06,232.54,15.24,32.11,0.0,pending,cash,4283 Pine Rd,,TRK802869,3801.5099999999998,2023-01-17 00:00:00
ORD_00013,281,PROD_123,1,403.71,750.15,237.18,15.66,34.25,0.0,delivered,paypal,228 Pine Rd,,TRK395770,403.71,2023-10-15 04:16:00+00:00
ORD_00014,286,PROD_036,2,69.77,1042.22,110.69,17.21,24.81,21.4,cancelled,bank_transfer,9544 Pine Rd,,TRK753911,139.54,2023-10-21 00:00:00
ORD_00016,55,PROD_198,1,441.49,641.78,494.92,0.0,23.59,0.0,processing,bank_transfer,1665 Main St,,NOT_AVAILABLE,441.49,NaT
ORD_00017,408,PROD_149,8,448.62,927.32,449.07,0.0,16.64,0.0,processing,bank_transfer,5495 Oak Ave,,TRK155005,3588.96,2023-01-22 10:22:00+00:00
ORD_00018,85,PROD_197,10,469.23,776.96,92.63,16.35,32.92,0.0,cancelled,debit_card,5771 Main St,,TRK145177,4692.3,2023-12-06 00:00:00
ORD_00019,304,PROD_034,10,212.91,710.9,205.15,13.74,14.12,0.0,returned,cash,6124 Pine Rd,,NOT_AVAILABLE,2129.1,2023-07-07 00:00:00
ORD_00020,468,PROD_196,8,254.03,476.23,350.51,0.0,36.79,0.0,cancelled,cash,6586 Oak Ave,,TRK989785,2032.24,2023-10-25 00:00:00
ORD_00024,143,PROD_169,2,156.55,918.77,198.82,14.43,30.45,0.0,pending,cash,9498 Pine Rd,,TRK833715,313.1,NaT
ORD_00025,385,PROD_126,3,283.38,1001.29,486.23,0.0,43.15,0.0,returned,bank_transfer,3513 Oak Ave,,NOT_AVAILABLE,850.14,2023-05-14 15:50:00+00:00
ORD_00026,394,PROD_152,9,125.41,181.34,160.6,23.94,11.16,0.0,shipped,debit_card,4334 Pine Rd,,TRK771671,1128.69,2023-01-21 04:16:00+00:00
ORD_00027,109,PROD_045,9,281.55,447.08,145.78,14.89,40.42,0.0,cancelled,debit_card,5759 Oak Ave,,NOT_AVAILABLE,2533.9500000000003,2023-10-04 00:00:00
ORD_00028,334,PROD_154,3,101.23,179.87,569.11,8.08,5.03,0.0,processing,cash,7325 Pine Rd,,NOT_AVAILABLE,303.69,2023-04-19 00:00:00
ORD_00029,414,PROD_086,9,34.36,730.36,430.7,0.0,3.96,0.0,,debit_card,1104 Oak Ave,,TRK567106,309.24,2023-08-20 00:00:00
ORD_00030,39,PROD_183,5,116.67,601.14,282.19,9.62,9.2,0.0,cancelled,credit_card,5809 Main St,,TRK610193,583.35,2023-03-06 00:00:00
ORD_00031,171,PROD_092,2,492.92,855.46,607.87,0.0,5.91,0.0,returned,credit_card,3329 Oak Ave,,NOT_AVAILABLE,985.84,2023-09-05 04:56:00+00:00
ORD_00032,281,PROD_129,10,178.05,877.83,694.68,24.63,3.34,0.0,processing,debit_card,731 Oak Ave,,NOT_AVAILABLE,1780.5,2023-10-24 00:00:00
ORD_00033,94,PROD_011,6,298.49,488.61,703.94,12.11,28.29,10.93,cancelled,debit_card,7245 Pine Rd,Special delivery instructions,NOT_AVAILABLE,1790.94,2023-08-06 11:11:00+00:00
ORD_00034,166,PROD_139,4,230.48,657.8,485.77,0.0,16.35,0.0,processing,bank_transfer,9195 Main St,,NOT_AVAILABLE,921.92,2023-08-16 11:34:00+00:00
ORD_00035,350,PROD_039,8,225.23,413.45,315.61,0.0,39.99,0.0,pending,cash,1312 Oak Ave,,TRK444007,1801.84,2023-01-25 00:00:00
ORD_00037,494,PROD_191,7,360.8,127.23,275.94,17.43,28.62,0.0,delivered,credit_card,1501 Main St,,TRK194274,2525.6,2023-05-06 00:00:00
ORD_00038,116,PROD_102,2,394.97,1040.24,688.56,21.61,10.12,28.66,processing,cash,201 Oak Ave,,TRK923197,789.94,2023-12-25 00:00:00
ORD_00039,224,PROD_010,2,312.11,96.24,663.07,0.0,13.52,40.37,delivered,debit_card,7339 Pine Rd,,TRK815824,624.22,2023-05-18 00:00:00
ORD_00040,57,PROD_195,2,174.77,209.81,277.0,19.15,23.93,0.0,processing,debit_card,1910 Main St,Special delivery instructions,TRK178976,349.54,2023-07-31 00:00:00
ORD_00041,113,PROD_073,4,69.75,70.09,281.71,7.58,2.24,0.0,cancelled,credit_card,7636 Main St,,TRK894852,279.0,2023-12-25 18:13:00+00:00
ORD_00042,318,PROD_017,3,348.28,386.28,667.87,5.24,18.91,0.0,pending,credit_card,2153 Main St,,NOT_AVAILABLE,1044.84,2023-09-21 00:00:00
ORD_00044,123,PROD_079,5,164.49,686.3,670.91,0.0,44.18,0.0,processing,bank_transfer,7776 Oak Ave,,TRK458929,822.45,2023-09-03 00:00:00
ORD_00045,71,PROD_141,4,79.7,408.76,658.97,20.75,22.98,0.0,shipped,credit_card,7341 Main St,,TRK566646,318.8,2023-07-19 00:00:00
ORD_00046,182,PROD_062,9,231.43,201.45,808.42,8.62,24.46,29.66,shipped,cash,9199 Main St,,TRK258276,2082.87,2023-11-02 00:00:00
ORD_00047,149,PROD_034,1,124.08,802.68,765.29,23.7,30.49,16.41,pending,credit_card,1366 Oak Ave,,TRK423759,124.08,2023-01-26 20:27:00+00:00
ORD_00048,2,PROD_166,2,86.43,571.45,349.72,7.24,26.32,0.0,cancelled,paypal,9664 Pine Rd,,TRK251698,172.86,2023-11-09 19:42:00+00:00
ORD_00049,401,PROD_133,3,83.81,806.32,792.67,9.29,26.42,30.36,shipped,credit_card,2124 Oak Ave,,NOT_AVAILABLE,251.43,2023-12-19 05:53:00+00:00
ORD_00050,95,PROD_121,4,113.42,933.8,66.93,22.81,30.61,0.0,cancelled,debit_card,9239 Main St,,NOT_AVAILABLE,453.68,2023-01-07 00:00:00
ORD_00052,161,PROD_101,8,272.71,89.96,142.35,0.0,44.13,0.0,cancelled,debit_card,6792 Main St,,TRK895596,2181.68,2023-12-05 10:07:00+00:00
ORD_00054,97,PROD_103,5,492.26,926.65,381.36,11.02,40.09,0.0,cancelled,credit_card,9802 Main St,,TRK270397,2461.3,2023-02-16 00:00:00
ORD_00055,252,PROD_017,4,139.33,586.35,235.66,0.0,44.25,0.0,cancelled,bank_transfer,9103 Oak Ave,Special delivery instructions,NOT_AVAILABLE,557.32,2023-07-27 07:08:00+00:00
ORD_00056,153,PROD_147,7,297.39,937.94,492.06,21.38,5.77,0.0,cancelled,debit_card,8633 Main St,,NOT_AVAILABLE,2081.73,NaT
ORD_00058,169,PROD_062,4,233.15,209.88,584.17,20.87,9.32,0.0,returned,bank_transfer,9404 Main St,,TRK763899,932.6,2023-04-08 00:00:00
ORD_00062,129,PROD_037,2,27.99,64.88,673.98,5.28,24.92,0.0,pending,credit_card,7087 Oak Ave,Special delivery instructions,TRK538722,55.98,2023-05-10 00:00:00
ORD_00063,341,PROD_133,1,238.21,103.18,683.66,0.0,34.95,16.46,processing,paypal,4219 Pine Rd,,TRK849931,238.21,NaT
ORD_00064,281,PROD_010,8,52.08,365.69,701.73,21.96,21.09,15.94,returned,bank_transfer,4695 Main St,,NOT_AVAILABLE,416.64,2023-02-19 17:46:00+00:00
ORD_00065,187,PROD_086,8,76.98,280.02,783.55,0.0,25.29,0.0,delivered,cash,4641 Pine Rd,,NOT_AVAILABLE,615.84,2023-06-15 20:27:00+00:00
ORD_00067,174,PROD_015,7,210.3,731.08,497.64,0.0,26.37,0.0,processing,credit_card,2541 Oak Ave,,NOT_AVAILABLE,1472.1000000000001,NaT
ORD_00069,49,PROD_191,7,71.07,957.16,254.38,0.0,46.55,0.0,pending,debit_card,9291 Oak Ave,,TRK553526,497.48999999999995,2023-02-27 00:00:00
ORD_00070,360,PROD_026,3,328.05,717.18,279.39,7.99,22.69,0.0,cancelled,debit_card,5741 Oak Ave,,NOT_AVAILABLE,984.1500000000001,2023-06-25 00:00:00
ORD_00071,18,PROD_190,2,506.16,785.37,786.64,0.0,5.56,0.0,cancelled,debit_card,2851 Oak Ave,,NOT_AVAILABLE,1012.32,2023-03-16 00:00:00
ORD_00072,377,PROD_179,10,297.97,769.78,518.32,15.34,9.3,0.0,cancelled,debit_card,831 Main St,Special delivery instructions,TRK929872,2979.7000000000003,2023-05-01 05:27:00+00:00
ORD_00073,214,PROD_131,4,200.4,300.81,283.01,0.0,18.23,37.37,cancelled,bank_transfer,1310 Pine Rd,Special delivery instructions,TRK868609,801.6,NaT
ORD_00076,143,PROD_076,10,174.92,725.09,732.04,0.0,35.08,0.0,shipped,credit_card,4378 Oak Ave,Special delivery instructions,TRK298069,1749.1999999999998,2023-07-24 11:46:00+00:00
ORD_00077,163,PROD_160,2,380.14,497.2,637.47,8.8,13.74,0.0,processing,debit_card,4895 Oak Ave,Special delivery instructions,NOT_AVAILABLE,760.28,2023-04-15 17:32:00+00:00
ORD_00079,225,PROD_147,1,428.99,916.36,524.0,20.42,38.41,0.0,delivered,bank_transfer,681 Oak Ave,Special delivery instructions,NOT_AVAILABLE,428.99,2023-03-04 00:00:00
ORD_00080,454,PROD_093,5,429.04,453.18,701.74,18.9,40.14,0.0,delivered,debit_card,2433 Main St,,TRK722308,2145.2000000000003,NaT
ORD_00082,202,PROD_141,7,185.21,429.94,287.26,0.0,8.93,0.0,delivered,cash,5437 Pine Rd,,NOT_AVAILABLE,1296.47,2023-11-22 02:48:00+00:00
ORD_00083,448,PROD_081,7,440.06,832.64,464.55,0.0,41.79,38.73,processing,debit_card,4471 Pine Rd,,NOT_AVAILABLE,3080.42,2023-03-01 07:36:00+00:00
ORD_00084,251,PROD_018,2,493.32,929.86,208.95,13.01,40.51,1.37,pending,cash,6087 Oak Ave,Special delivery instructions,NOT_AVAILABLE,986.64,2023-09-21 00:00:00
ORD_00085,475,PROD_036,6,37.39,633.48,93.3,23.38,31.11,0.0,delivered,paypal,2981 Main St,Special delivery instructions,NOT_AVAILABLE,224.34,2023-01-22 00:00:00
ORD_00086,8,PROD_199,9,261.94,664.73,615.27,0.0,13.6,26.99,shipped,bank_transfer,1202 Oak Ave,,TRK794883,2357.46,2023-10-25 00:00:00
ORD_00087,206,PROD_113,6,308.91,79.26,348.33,6.72,21.37,0.0,processing,credit_card,4556 Oak Ave,,TRK758438,1853.46,2023-06-08 00:00:00
ORD_00088,67,PROD_052,2,324.42,801.07,161.82,15.27,47.45,33.87,cancelled,bank_transfer,8925 Oak Ave,,TRK451291,648.84,NaT
ORD_00089,488,PROD_079,1,257.43,1022.23,231.77,15.78,37.65,10.07,processing,bank_transfer,9186 Main St,,NOT_AVAILABLE,257.43,NaT
ORD_00090,464,PROD_126,6,402.73,258.46,632.4,0.0,31.42,0.0,pending,cash,3147 Pine Rd,,TRK489996,2416.38,2023-07-18 00:00:00
ORD_00091,109,PROD_166,3,467.14,135.51,829.41,9.84,41.54,0.0,processing,debit_card,7512 Oak Ave,,TRK669810,1401.42,2023-08-02 17:45:00+00:00
ORD_00092,48,PROD_037,7,463.55,567.73,570.31,0.0,21.33,0.0,returned,bank_transfer,3385 Main St,,NOT_AVAILABLE,3244.85,2023-10-24 16:21:00+00:00
ORD_00095,239,PROD_189,1,124.22,738.79,766.3,17.79,4.97,0.0,processing,paypal,9462 Oak Ave,,NOT_AVAILABLE,124.22,2023-07-15 22:29:00+00:00
ORD_00096,259,PROD_131,2,42.98,143.25,395.0,16.85,3.25,0.0,cancelled,cash,7908 Oak Ave,,TRK675605,85.96,2023-05-19 16:09:00+00:00
ORD_00098,332,PROD_140,2,487.76,865.69,374.16,0.0,5.09,39.67,pending,paypal,4977 Oak Ave,,TRK704475,975.52,2023-09-14 22:30:00+00:00
ORD_00099,472,PROD_197,4,43.59,469.14,133.65,9.54,7.25,0.0,delivered,credit_card,4496 Pine Rd,,NOT_AVAILABLE,174.36,2023-06-05 00:00:00
ORD_00102,176,PROD_087,3,111.58,215.44,735.5,0.0,34.63,0.0,returned,credit_card,7682 Pine Rd,,TRK336809,334.74,NaT
ORD_00103,95,PROD_141,1,63.11,151.62,146.46,14.84,30.62,0.0,delivered,bank_transfer,7707 Main St,,NOT_AVAILABLE,63.11,2023-04-17 18:09:00+00:00
ORD_00107,499,PROD_153,3,63.49,434.66,47.88,0.0,39.43,0.0,returned,debit_card,9867 Main St,,TRK852260,190.47,2023-05-09 00:00:00
ORD_00108,313,PROD_163,1,78.26,933.94,197.44,10.33,11.83,6.83,returned,paypal,62 Main St,Special delivery instructions,TRK836753,78.26,2023-08-13 03:06:00+00:00
ORD_00109,431,PROD_089,9,15.31,836.98,587.62,7.83,32.39,0.0,pending,cash,6176 Main St,,NOT_AVAILABLE,137.79,2023-02-22 04:07:00+00:00
ORD_00110,102,PROD_002,5,419.03,215.34,214.92,0.0,42.84,0.0,returned,bank_transfer,8591 Pine Rd,Special delivery instructions,TRK461057,2095.1499999999996,2023-01-23 00:00:00
ORD_00111,339,PROD_080,1,41.39,1034.23,589.26,24.81,41.19,0.0,cancelled,credit_card,83 Main St,,TRK819949,41.39,2023-08-21 00:52:00+00:00
ORD_00112,323,PROD_173,2,92.57,64.04,218.99,13.77,13.21,26.64,processing,debit_card,8429 Oak Ave,,NOT_AVAILABLE,185.14,NaT
ORD_00113,431,PROD_113,6,199.59,933.45,266.6,24.5,3.96,18.32,processing,paypal,2167 Main St,,TRK705493,1197.54,2023-10-13 02:26:00+00:00
ORD_00114,92,PROD_032,4,184.99,1023.26,135.85,0.0,50.31,33.98,cancelled,paypal,5077 Oak Ave,,TRK309787,739.96,2023-11-03 00:00:00
ORD_00118,10,PROD_189,8,214.73,595.46,501.8,0.0,38.53,0.0,cancelled,credit_card,4394 Main St,,TRK119369,1717.84,2023-04-23 12:11:00+00:00
ORD_00119,202,PROD_160,10,475.6,974.38,192.44,0.0,38.2,0.0,processing,cash,3008 Main St,,NOT_AVAILABLE,4756.0,2023-01-06 12:20:00+00:00
ORD_00121,202,PROD_189,7,76.66,1040.39,261.25,0.0,17.04,27.6,processing,bank_transfer,7504 Pine Rd,,TRK360171,536.62,NaT
ORD_00123,152,PROD_190,5,210.46,467.67,146.45,8.75,29.75,0.0,,debit_card,5773 Oak Ave,,NOT_AVAILABLE,1052.3,2023-12-02 00:00:00
ORD_00125,271,PROD_052,2,477.14,253.61,504.48,11.51,48.25,0.0,returned,debit_card,5026 Main St,,NOT_AVAILABLE,954.28,2023-06-17 11:23:00+00:00
ORD_00127,435,PROD_089,6,498.43,617.54,138.48,0.0,11.02,0.0,processing,credit_card,3284 Pine Rd,,TRK449483,2990.58,2023-10-25 21:50:00+00:00
ORD_00129,74,PROD_006,8,386.19,910.77,721.99,0.0,50.96,0.0,processing,bank_transfer,3767 Oak Ave,,TRK898718,3089.52,2023-10-01 00:00:00
ORD_00131,286,PROD_025,1,157.79,970.9,803.12,22.12,32.56,0.0,processing,paypal,9942 Oak Ave,,NOT_AVAILABLE,157.79,2023-08-02 00:00:00
ORD_00132,380,PROD_175,7,332.97,332.41,592.52,19.88,49.86,47.11,shipped,debit_card,6893 Main St,,TRK222696,2330.79,2023-02-25 08:07:00+00:00
ORD_00133,271,PROD_045,2,333.89,371.95,320.83,17.0,31.63,0.0,pending,bank_transfer,9114 Oak Ave,,NOT_AVAILABLE,667.78,2023-07-19 10:14:00+00:00
ORD_00134,172,PROD_129,1,205.14,576.83,543.09,11.59,13.84,32.8,delivered,credit_card,217 Pine Rd,,TRK158373,205.14,2023-11-25 05:19:00+00:00
ORD_00138,407,PROD_174,4,273.69,149.28,754.28,19.57,5.18,0.0,cancelled,debit_card,2850 Main St,,TRK870666,1094.76,2023-04-04 02:42:00+00:00
ORD_00139,474,PROD_169,8,126.86,740.88,397.76,16.65,50.26,23.68,processing,bank_transfer,6207 Pine Rd,,NOT_AVAILABLE,1014.88,2023-12-16 08:40:00+00:00
ORD_00142,136,PROD_005,8,253.04,312.31,476.54,8.14,35.01,0.0,shipped,bank_transfer,2005 Pine Rd,,TRK105358,2024.32,2023-01-16 00:00:00
ORD_00143,52,PROD_062,6,361.92,762.58,830.99,0.0,25.3,0.0,cancelled,bank_transfer,8170 Pine Rd,,TRK662629,2171.52,2023-09-11 00:00:00
ORD_00146,66,PROD_185,1,78.93,485.54,476.63,6.79,21.04,0.0,processing,bank_transfer,5611 Oak Ave,,TRK423768,78.93,NaT
ORD_00148,431,PROD_064,8,448.22,267.84,167.29,0.0,7.42,26.07,delivered,paypal,6057 Pine Rd,,NOT_AVAILABLE,3585.76,NaT
ORD_00150,298,PROD_073,8,456.53,944.35,457.25,0.0,51.27,0.0,delivered,paypal,5142 Pine Rd,Special delivery instructions,TRK724851,3652.24,NaT
ORD_00151,212,PROD_069,4,192.29,691.16,409.05,12.31,32.03,10.98,,cash,2740 Main St,,NOT_AVAILABLE,769.16,2023-11-08 11:12:00+00:00
ORD_00152,310,PROD_025,8,323.6,1013.36,203.93,6.53,5.74,0.0,delivered,debit_card,7126 Main St,,NOT_AVAILABLE,2588.8,NaT
ORD_00153,282,PROD_104,5,255.74,285.04,794.75,9.17,38.74,35.35,processing,cash,8066 Main St,,NOT_AVAILABLE,1278.7,2023-10-27 00:00:00
ORD_00154,52,PROD_032,1,458.85,632.84,520.9,15.41,35.79,0.0,cancelled,credit_card,9241 Pine Rd,Special delivery instructions,NOT_AVAILABLE,458.85,2023-08-19 14:22:00+00:00
ORD_00155,283,PROD_187,1,426.8,96.01,383.87,0.0,21.12,0.0,pending,credit_card,2265 Pine Rd,,TRK565485,426.8,2023-01-20 00:00:00
ORD_00156,238,PROD_097,9,78.08,158.4,116.18,18.37,42.03,0.0,cancelled,debit_card,6737 Main St,,NOT_AVAILABLE,702.72,2023-06-26 00:00:00
ORD_00158,384,PROD_064,6,53.21,662.57,129.14,7.74,22.39,0.0,returned,paypal,6042 Pine Rd,,TRK460457,319.26,2023-01-26 13:11:00+00:00
ORD_00159,245,PROD_119,3,286.06,246.91,165.07,7.49,20.5,1.51,returned,cash,2179 Main St,,TRK140419,858.1800000000001,2023-01-10 10:05:00+00:00
ORD_00160,222,PROD_153,6,31.95,561.67,695.69,11.98,50.12,0.0,cancelled,debit_card,2653 Main St,,NOT_AVAILABLE,191.7,2023-09-25 05:26:00+00:00
ORD_00161,428,PROD_018,1,296.56,53.35,457.68,22.77,6.19,0.0,pending,credit_card,3328 Oak Ave,,TRK547636,296.56,2023-11-17 10:06:00+00:00
ORD_00164,37,PROD_037,5,57.07,478.35,309.34,0.0,13.23,0.0,cancelled,cash,8724 Oak Ave,,TRK859493,285.35,2023-11-25 02:32:00+00:00
ORD_00166,16,PROD_002,9,408.7,476.88,579.23,7.26,30.52,41.18,shipped,cash,2683 Pine Rd,,NOT_AVAILABLE,3678.2999999999997,2023-10-17 07:44:00+00:00
ORD_00167,279,PROD_092,2,418.59,496.84,260.02,13.77,30.05,0.0,delivered,bank_transfer,6619 Main St,,TRK390572,837.18,NaT
ORD_00168,34,PROD_144,4,242.24,633.37,799.27,18.44,17.95,33.2,pending,cash,2287 Main St,,TRK271160,968.96,2023-06-26 15:38:00+00:00
ORD_00169,16,PROD_101,9,475.25,918.79,45.42,11.75,19.02,29.16,delivered,paypal,9548 Pine Rd,Special delivery instructions,TRK156430,4277.25,2023-08-27 02:17:00+00:00
ORD_00172,482,PROD_074,8,342.76,714.2,643.89,0.0,43.32,0.0,pending,bank_transfer,8707 Oak Ave,,NOT_AVAILABLE,2742.08,2023-02-14 00:00:00
ORD_00173,48,PROD_031,7,277.73,787.25,302.63,0.0,21.43,0.0,pending,cash,4617 Pine Rd,Special delivery instructions,TRK824390,1944.1100000000001,2023-12-10 00:00:00
ORD_00175,87,PROD_013,2,215.04,899.97,147.69,0.0,32.53,0.0,shipped,debit_card,1929 Oak Ave,,NOT_AVAILABLE,430.08,2023-06-03 00:00:00
ORD_00176,453,PROD_031,5,380.1,344.94,136.9,0.0,32.75,46.59,pending,cash,9291 Oak Ave,,TRK219308,1900.5,2023-01-07 00:00:00
ORD_00177,418,PROD_064,1,425.36,704.13,286.06,18.76,47.6,0.0,cancelled,debit_card,1285 Main St,Special delivery instructions,TRK978442,425.36,2023-09-04 06:00:00+00:00
ORD_00179,123,PROD_144,5,151.62,392.14,664.1,7.66,27.74,0.0,delivered,bank_transfer,9708 Oak Ave,Special delivery instructions,NOT_AVAILABLE,758.1,2023-07-10 20:18:00+00:00
ORD_00180,195,PROD_012,9,25.93,624.73,295.89,17.49,41.63,0.0,processing,bank_transfer,9899 Main St,,NOT_AVAILABLE,233.37,2023-02-06 20:26:00+00:00
ORD_00181,54,PROD_120,4,27.33,406.86,240.25,0.0,27.66,37.23,returned,bank_transfer,9019 Oak Ave,,TRK445170,109.32,2023-05-05 00:00:00
ORD_00182,268,PROD_082,3,304.94,686.78,538.13,0.0,25.26,0.0,returned,bank_transfer,9162 Main St,,TRK152460,914.8199999999999,2023-06-20 00:00:00
ORD_00184,330,PROD_180,3,465.49,1028.09,652.85,5.71,13.12,0.0,pending,bank_transfer,5228 Pine Rd,,TRK288041,1396.47,2023-07-14 11:44:00+00:00
ORD_00185,485,PROD_197,3,329.3,774.29,647.29,0.0,32.48,0.0,cancelled,cash,9047 Oak Ave,,NOT_AVAILABLE,987.9000000000001,2023-05-23 09:01:00+00:00
ORD_00186,106,PROD_162,1,59.71,265.94,390.9,0.0,45.75,0.0,shipped,credit_card,3005 Pine Rd,,NOT_AVAILABLE,59.71,2023-01-01 11:56:00+00:00
ORD_00189,177,PROD_130,10,430.64,1002.44,527.12,7.78,48.58,3.6,shipped,cash,6275 Main St,Special delivery instructions,NOT_AVAILABLE,4306.4,2023-09-24 13:43:00+00:00
ORD_00190,430,PROD_166,3,84.14,278.55,711.19,0.0,3.17,40.86,delivered,debit_card,7885 Main St,,TRK525886,252.42000000000002,2023-09-21 15:28:00+00:00
ORD_00192,416,PROD_104,1,173.11,146.73,630.39,15.37,22.42,0.0,shipped,paypal,7033 Pine Rd,,TRK528005,173.11,NaT
ORD_00195,52,PROD_168,3,189.64,651.53,298.14,0.0,12.82,0.0,delivered,bank_transfer,6973 Pine Rd,,TRK823279,568.92,2023-08-20 00:00:00
ORD_00196,217,PROD_010,5,308.37,646.29,775.15,19.99,38.04,20.78,cancelled,credit_card,1284 Main St,,NOT_AVAILABLE,1541.85,2023-12-07 17:22:00+00:00
ORD_00199,6,PROD_009,3,117.29,493.46,320.27,23.43,15.13,38.53,shipped,bank_transfer,7620 Main St,,TRK152254,351.87,2023-10-06 05:15:00+00:00
ORD_00204,134,PROD_107,9,67.01,658.88,674.34,11.99,10.69,0.0,returned,bank_transfer,78 Oak Ave,,TRK144343,603.09,2023-12-11 02:11:00+00:00
ORD_00206,287,PROD_161,10,340.61,78.18,174.06,5.64,19.6,0.0,delivered,bank_transfer,8306 Oak Ave,,TRK440067,3406.1000000000004,2023-10-10 00:00:00
ORD_00207,26,PROD_026,8,298.2,293.16,707.23,10.73,28.79,0.0,cancelled,bank_transfer,1602 Main St,Special delivery instructions,TRK588683,2385.6,NaT
ORD_00209,194,PROD_079,9,471.27,634.41,705.62,0.0,34.96,0.0,shipped,credit_card,7791 Main St,,NOT_AVAILABLE,4241.43,2023-08-25 04:43:00+00:00
ORD_00210,233,PROD_088,4,440.67,833.0,648.93,0.0,42.33,0.0,delivered,credit_card,3685 Pine Rd,Special delivery instructions,TRK644731,1762.68,2023-11-06 23:09:00+00:00
ORD_00211,225,PROD_183,9,124.44,651.22,204.08,11.45,45.13,0.0,shipped,cash,2029 Oak Ave,,TRK849586,1119.96,2023-10-14 17:18:00+00:00
ORD_00213,143,PROD_130,1,309.82,657.22,491.2,6.98,31.42,0.0,cancelled,credit_card,5863 Oak Ave,Special delivery instructions,NOT_AVAILABLE,309.82,2023-01-23 00:00:00
ORD_00214,241,PROD_149,2,238.07,473.26,491.22,0.0,36.87,0.0,shipped,paypal,9853 Pine Rd,,NOT_AVAILABLE,476.14,2023-11-16 17:14:00+00:00
ORD_00216,42,PROD_016,9,38.26,394.0,806.08,0.0,51.08,0.0,returned,bank_transfer,4104 Oak Ave,,NOT_AVAILABLE,344.34,2023-04-26 16:56:00+00:00
ORD_00217,413,PROD_070,2,249.56,386.03,565.83,0.0,37.64,0.0,cancelled,credit_card,1788 Main St,,TRK861832,499.12,2023-03-11 02:54:00+00:00
ORD_00218,456,PROD_198,4,378.94,737.87,556.57,11.79,15.05,21.59,processing,bank_transfer,3384 Oak Ave,,TRK789047,1515.76,2023-08-06 00:00:00
ORD_00219,204,PROD_034,4,124.59,597.97,676.62,0.0,51.33,0.0,delivered,cash,4812 Main St,,TRK309783,498.36,NaT
ORD_00221,216,PROD_179,10,146.17,219.14,66.59,7.08,6.79,0.0,processing,debit_card,1871 Main St,,TRK543887,1461.6999999999998,2023-11-24 21:18:00+00:00
ORD_00222,148,PROD_012,7,66.88,649.34,748.51,13.81,4.84,48.74,pending,debit_card,8441 Main St,,TRK212581,468.15999999999997,2023-11-20 00:16:00+00:00
ORD_00223,261,PROD_063,1,54.55,813.12,782.88,21.12,12.92,0.0,cancelled,debit_card,5961 Oak Ave,,TRK961599,54.55,2023-09-13 19:32:00+00:00
ORD_00224,242,PROD_032,6,466.81,795.65,228.28,21.58,46.66,6.46,pending,debit_card,7199 Oak Ave,,NOT_AVAILABLE,2800.86,2023-07-10 20:37:00+00:00
ORD_00225,48,PROD_073,8,490.24,781.07,434.89,0.0,15.82,0.0,pending,credit_card,2516 Pine Rd,,TRK570726,3921.92,2023-12-23 02:35:00+00:00
ORD_00226,375,PROD_043,3,429.51,367.67,795.7,13.99,13.26,9.35,returned,paypal,8895 Oak Ave,,TRK722489,1288.53,2023-06-05 00:00:00
ORD_00227,1,PROD_140,1,268.11,948.84,551.29,23.6,35.64,0.0,shipped,paypal,2450 Pine Rd,,TRK895701,268.11,2023-03-18 00:00:00
ORD_00230,220,PROD_008,1,137.53,131.29,695.34,13.57,51.67,0.0,delivered,cash,7533 Main St,,TRK354272,137.53,2023-02-12 00:00:00
ORD_00231,408,PROD_153,3,109.64,821.07,473.03,18.51,42.64,0.0,returned,credit_card,57 Main St,,TRK318689,328.92,2023-05-19 04:57:00+00:00
ORD_00232,263,PROD_054,1,33.54,919.32,362.54,6.77,30.07,0.0,returned,debit_card,8777 Main St,,TRK511344,33.54,2023-11-12 01:59:00+00:00
ORD_00235,397,PROD_160,5,485.92,53.67,419.91,17.76,29.04,0.0,shipped,cash,1322 Pine Rd,,NOT_AVAILABLE,2429.6,2023-12-08 03:31:00+00:00
ORD_00236,420,PROD_150,9,74.95,206.96,592.39,0.0,47.23,0.0,processing,paypal,1372 Main St,,TRK556928,674.5500000000001,2023-12-25 00:00:00
ORD_00237,455,PROD_018,1,233.92,785.95,801.3,0.0,19.59,0.0,processing,debit_card,7951 Pine Rd,,TRK765352,233.92,2023-03-15 00:00:00
ORD_00238,10,PROD_154,10,91.61,87.38,116.86,7.4,24.52,0.0,pending,paypal,2198 Main St,Special delivery instructions,TRK204551,916.1,2023-06-23 00:00:00
ORD_00240,442,PROD_083,7,300.72,384.94,475.09,7.61,27.66,0.0,delivered,cash,2863 Main St,,TRK393139,2105.04,2023-09-17 02:30:00+00:00
ORD_00242,107,PROD_180,10,463.44,501.4,111.94,0.0,5.69,0.0,cancelled,debit_card,427 Pine Rd,,TRK198949,4634.4,2023-04-02 00:00:00
ORD_00243,298,PROD_069,8,241.58,309.91,484.3,0.0,12.19,0.0,pending,bank_transfer,1417 Main St,,TRK954668,1932.64,2023-11-18 00:00:00
ORD_00244,471,PROD_088,7,187.27,102.76,680.64,24.12,35.62,0.0,returned,paypal,9990 Main St,Special delivery instructions,TRK251675,1310.89,2023-05-18 02:05:00+00:00
ORD_00245,183,PROD_144,9,55.68,1015.36,270.18,9.63,30.93,24.83,returned,cash,8148 Pine Rd,Special delivery instructions,NOT_AVAILABLE,501.12,2023-06-05 23:35:00+00:00
ORD_00246,381,PROD_190,10,286.9,134.02,349.94,17.28,40.36,0.0,shipped,paypal,8305 Pine Rd,,TRK957511,2869.0,2023-09-01 00:00:00
ORD_00247,95,PROD_055,6,188.87,970.76,416.11,0.0,22.01,31.53,shipped,paypal,7323 Oak Ave,Special delivery instructions,NOT_AVAILABLE,1133.22,2023-02-18 00:00:00
ORD_00248,353,PROD_126,1,423.21,440.29,88.17,21.73,44.28,0.0,returned,cash,7920 Oak Ave,,TRK322550,423.21,2023-08-31 21:40:00+00:00
ORD_00249,2,PROD_131,9,390.71,1000.83,484.08,0.0,6.76,0.0,shipped,paypal,3598 Main St,,TRK742339,3516.39,2023-10-17 07:38:00+00:00
ORD_00251,409,PROD_111,6,372.01,1040.55,342.01,22.78,47.22,0.0,,credit_card,3230 Pine Rd,,TRK952846,2232.06,2023-03-19 13:23:00+00:00
ORD_00252,241,PROD_113,3,185.16,298.07,43.99,0.0,24.9,0.0,pending,bank_transfer,2928 Pine Rd,,NOT_AVAILABLE,555.48,2023-10-19 00:36:00+00:00
ORD_00254,483,PROD_183,4,12.28,943.67,427.82,24.95,38.26,2.64,processing,bank_transfer,8172 Pine Rd,,TRK720077,49.12,2023-04-25 15:37:00+00:00
ORD_00256,30,PROD_021,3,343.22,291.37,48.81,17.53,47.05,0.0,shipped,credit_card,7231 Main St,,TRK322245,1029.66,NaT
ORD_00258,49,PROD_009,1,86.64,711.29,567.02,14.4,22.45,0.0,cancelled,debit_card,6149 Oak Ave,,TRK520445,86.64,2023-03-19 00:00:00
ORD_00261,424,PROD_191,5,359.75,70.51,265.47,0.0,19.5,0.0,delivered,paypal,3293 Pine Rd,,TRK543370,1798.75,2023-02-18 00:00:00
ORD_00262,313,PROD_141,6,178.74,657.27,269.66,0.0,7.08,15.9,processing,cash,9326 Main St,Special delivery instructions,TRK835154,1072.44,2023-10-22 09:19:00+00:00
ORD_00263,385,PROD_006,5,67.44,266.6,263.61,0.0,30.16,0.0,shipped,bank_transfer,1280 Main St,,NOT_AVAILABLE,337.2,2023-06-19 03:26:00+00:00
ORD_00265,400,PROD_050,7,182.95,735.35,391.23,0.0,24.87,0.0,returned,bank_transfer,2080 Pine Rd,,TRK912733,1280.6499999999999,2023-07-07 16:29:00+00:00
ORD_00266,437,PROD_005,6,438.07,1036.37,590.65,5.64,8.83,0.0,pending,credit_card,3627 Main St,Special delivery instructions,NOT_AVAILABLE,2628.42,NaT
ORD_00267,336,PROD_156,6,467.01,97.29,704.31,6.02,45.51,0.0,processing,bank_transfer,4922 Main St,Special delivery instructions,NOT_AVAILABLE,2802.06,2023-05-28 11:25:00+00:00
ORD_00268,407,PROD_128,8,61.52,736.32,478.23,0.0,40.6,41.75,returned,credit_card,281 Oak Ave,,NOT_AVAILABLE,492.16,2023-05-25 00:00:00
ORD_00269,181,PROD_014,1,20.79,358.23,139.39,16.04,43.67,0.0,shipped,credit_card,4864 Main St,Special delivery instructions,TRK469150,20.79,2023-04-19 16:57:00+00:00
ORD_00271,412,PROD_129,9,463.28,348.08,351.98,5.81,49.96,0.0,shipped,debit_card,5164 Oak Ave,,TRK657225,4169.5199999999995,2023-11-10 14:30:00+00:00
ORD_00272,178,PROD_132,7,247.81,750.88,562.06,0.0,20.21,0.0,shipped,cash,1665 Main St,,TRK350531,1734.67,2023-01-03 00:00:00
ORD_00273,56,PROD_036,1,496.44,555.34,135.13,13.97,29.13,23.05,delivered,paypal,8675 Oak Ave,,NOT_AVAILABLE,496.44,2023-05-20 00:00:00
ORD_00276,398,PROD_153,9,124.26,436.16,242.44,21.68,39.69,0.0,cancelled,debit_card,4254 Pine Rd,,NOT_AVAILABLE,1118.3400000000001,2023-09-13 00:00:00
ORD_00277,411,PROD_120,10,158.45,813.31,328.96,5.12,21.39,0.0,shipped,paypal,3343 Main St,Special delivery instructions,TRK740814,1584.5,2023-06-15 00:00:00
ORD_00278,405,PROD_178,9,201.02,170.93,149.9,0.0,5.34,0.0,processing,credit_card,9495 Pine Rd,,NOT_AVAILABLE,1809.18,2023-09-09 00:59:00+00:00
ORD_00279,270,PROD_086,8,346.8,322.37,334.47,20.18,34.1,0.0,pending,credit_card,4963 Oak Ave,Special delivery instructions,TRK515762,2774.4,2023-03-26 03:12:00+00:00
ORD_00281,298,PROD_091,9,279.4,788.91,712.52,0.0,36.58,0.0,shipped,paypal,777 Oak Ave,,TRK388656,2514.6,2023-11-04 04:51:00+00:00
ORD_00282,313,PROD_165,7,351.61,543.89,108.2,0.0,19.26,0.0,processing,cash,4613 Pine Rd,Special delivery instructions,TRK119681,2461.27,2023-09-14 00:00:00
ORD_00287,22,PROD_132,9,14.77,967.38,237.17,0.0,3.01,0.0,pending,bank_transfer,235 Oak Ave,,TRK922718,132.93,2023-07-31 23:25:00+00:00
ORD_00288,213,PROD_158,1,382.72,502.72,363.84,15.09,41.5,0.0,returned,debit_card,3972 Pine Rd,,TRK732485,382.72,2023-01-01 00:00:00
ORD_00290,115,PROD_112,8,354.52,787.72,535.85,8.55,28.44,26.49,processing,paypal,8807 Main St,,TRK839506,2836.16,2023-10-16 00:00:00
ORD_00291,472,PROD_173,4,508.62,485.96,129.39,19.15,15.43,0.0,pending,cash,1621 Oak Ave,,NOT_AVAILABLE,2034.48,2023-08-23 00:00:00
ORD_00292,230,PROD_130,7,36.41,411.38,631.89,18.95,9.53,0.0,processing,debit_card,6620 Main St,,NOT_AVAILABLE,254.86999999999998,2023-01-12 03:27:00+00:00
ORD_00293,153,PROD_110,7,462.62,373.28,504.64,22.84,26.36,0.0,,credit_card,1517 Oak Ave,,TRK273077,3238.34,2023-02-10 00:00:00
ORD_00294,157,PROD_138,6,349.55,1016.97,618.82,7.64,32.68,0.0,returned,paypal,7751 Main St,,TRK328579,2097.3,2023-10-27 00:00:00
ORD_00298,235,PROD_119,10,38.34,941.56,61.86,20.41,14.35,0.0,returned,credit_card,9814 Main St,,NOT_AVAILABLE,383.40000000000003,NaT
ORD_00299,148,PROD_132,8,246.47,778.68,428.42,24.96,32.42,0.0,delivered,credit_card,783 Main St,Special delivery instructions,NOT_AVAILABLE,1971.76,2023-02-21 15:33:00+00:00
ORD_00300,213,PROD_025,8,161.4,925.4,99.8,0.0,41.99,0.0,returned,credit_card,7698 Main St,,TRK882549,1291.2,2023-02-01 00:00:00
ORD_00301,418,PROD_068,6,171.63,956.91,830.73,0.0,38.53,0.0,cancelled,cash,8569 Main St,Special delivery instructions,TRK105460,1029.78,2023-04-17 03:23:00+00:00
ORD_00302,153,PROD_183,3,167.96,745.63,60.63,0.0,10.79,0.0,processing,debit_card,1953 Main St,,NOT_AVAILABLE,503.88,2023-06-05 05:01:00+00:00
ORD_00305,198,PROD_023,10,407.23,722.9,98.88,9.25,41.73,0.0,pending,debit_card,9098 Oak Ave,,TRK501726,4072.3,2023-11-01 03:36:00+00:00
ORD_00306,336,PROD_083,7,292.37,275.25,566.7,0.0,14.79,0.0,cancelled,credit_card,1263 Main St,,NOT_AVAILABLE,2046.5900000000001,2023-04-21 04:47:00+00:00
ORD_00307,235,PROD_023,9,367.76,173.69,838.02,11.18,40.63,7.55,processing,bank_transfer,9740 Pine Rd,,TRK142901,3309.84,2023-07-20 13:16:00+00:00
ORD_00311,474,PROD_147,2,424.36,768.33,338.07,15.49,5.6,0.0,cancelled,paypal,4894 Main St,,TRK407923,848.72,2023-10-02 00:00:00
ORD_00314,460,PROD_177,6,47.28,266.31,190.1,14.89,19.9,48.62,cancelled,bank_transfer,5212 Pine Rd,,NOT_AVAILABLE,283.68,2023-03-10 00:00:00
ORD_00315,3,PROD_097,5,157.17,792.98,212.67,0.0,47.33,38.57,cancelled,bank_transfer,2373 Main St,,TRK912404,785.8499999999999,2023-11-03 00:00:00
ORD_00316,105,PROD_087,4,503.99,830.93,365.45,24.06,8.24,0.0,delivered,credit_card,9710 Pine Rd,,NOT_AVAILABLE,2015.96,2023-02-21 00:00:00
ORD_00317,214,PROD_100,7,264.36,106.8,58.24,13.74,46.07,0.0,cancelled,cash,4945 Main St,,NOT_AVAILABLE,1850.52,2023-12-20 00:00:00
ORD_00318,429,PROD_119,9,379.42,136.37,76.83,14.24,16.08,0.0,cancelled,debit_card,4743 Pine Rd,,NOT_AVAILABLE,3414.78,2023-07-10 17:05:00+00:00
ORD_00319,135,PROD_074,2,410.1,490.26,62.03,23.31,40.75,0.0,cancelled,debit_card,509 Pine Rd,,NOT_AVAILABLE,820.2,2023-05-04 00:00:00
ORD_00320,340,PROD_005,6,466.4,600.47,273.94,9.37,45.87,13.62,shipped,paypal,933 Oak Ave,,TRK140149,2798.3999999999996,2023-05-12 16:48:00+00:00
ORD_00321,210,PROD_021,7,445.91,472.22,104.77,21.49,10.41,0.0,,paypal,749 Oak Ave,,NOT_AVAILABLE,3121.3700000000003,2023-03-08 00:00:00
ORD_00322,15,PROD_154,10,62.42,237.47,400.82,16.54,19.26,7.29,delivered,debit_card,5311 Pine Rd,,TRK871515,624.2,2023-10-16 00:00:00
ORD_00323,399,PROD_003,6,248.09,1035.31,408.7,12.56,45.88,18.24,shipped,credit_card,3617 Main St,,TRK269625,1488.54,2023-11-10 09:33:00+00:00
ORD_00324,194,PROD_077,7,341.46,166.35,531.25,0.0,6.6,12.76,returned,bank_transfer,2649 Main St,Special delivery instructions,NOT_AVAILABLE,2390.22,2023-01-10 04:51:00+00:00
ORD_00327,488,PROD_022,7,253.34,493.79,510.64,16.37,2.35,20.85,processing,paypal,4451 Main St,,TRK778698,1773.38,2023-04-12 00:00:00
ORD_00328,352,PROD_141,2,255.54,472.05,503.09,16.93,24.62,2.35,cancelled,credit_card,8738 Main St,,NOT_AVAILABLE,511.08,2023-12-28 12:32:00+00:00
ORD_00329,194,PROD_177,8,152.37,752.43,664.26,13.79,24.49,0.0,,paypal,5574 Pine Rd,,NOT_AVAILABLE,1218.96,2023-02-07 13:55:00+00:00
ORD_00333,95,PROD_174,3,97.56,934.43,281.44,0.0,23.05,0.0,pending,credit_card,4153 Oak Ave,,TRK916065,292.68,2023-08-01 00:00:00
ORD_00334,221,PROD_123,6,264.88,395.68,58.97,6.03,47.86,38.74,pending,debit_card,3010 Pine Rd,,TRK597121,1589.28,2023-10-21 00:00:00
ORD_00335,90,PROD_086,4,85.5,454.19,700.57,13.74,25.38,0.0,cancelled,cash,5748 Pine Rd,,NOT_AVAILABLE,342.0,2023-08-08 00:00:00
ORD_00336,264,PROD_040,7,143.14,141.53,398.92,19.13,49.8,49.24,delivered,debit_card,11 Oak Ave,,TRK978900,1001.9799999999999,2023-03-07 00:00:00
ORD_00337,106,PROD_197,3,182.43,974.53,761.26,11.97,26.65,38.49,processing,credit_card,8367 Main St,,TRK922701,547.29,2023-03-08 00:00:00
ORD_00338,472,PROD_015,3,322.94,78.86,184.04,0.0,35.22,19.53,cancelled,cash,2126 Main St,Special delivery instructions,TRK561710,968.8199999999999,2023-04-03 00:00:00
ORD_00341,473,PROD_045,3,88.11,279.9,515.59,10.22,50.33,32.69,shipped,debit_card,9125 Pine Rd,Special delivery instructions,TRK327924,264.33,2023-12-08 00:00:00
ORD_00342,411,PROD_042,3,219.81,795.94,247.32,10.56,18.42,0.0,returned,paypal,4904 Main St,,TRK868389,659.4300000000001,2023-02-03 03:20:00+00:00
ORD_00344,265,PROD_018,7,440.84,159.75,108.83,10.92,49.91,0.0,returned,paypal,8708 Oak Ave,,NOT_AVAILABLE,3085.8799999999997,2023-01-04 04:15:00+00:00
ORD_00345,135,PROD_177,1,250.79,552.87,687.57,8.96,3.85,37.56,processing,credit_card,3263 Oak Ave,,NOT_AVAILABLE,250.79,NaT
ORD_00346,404,PROD_190,3,133.69,1012.36,439.12,17.83,41.31,0.0,cancelled,bank_transfer,9844 Pine Rd,,TRK879824,401.07,2023-10-17 00:00:00
ORD_00348,358,PROD_138,3,405.62,590.66,380.61,21.74,50.49,0.0,processing,bank_transfer,4594 Pine Rd,,TRK367866,1216.8600000000001,2023-10-11 19:13:00+00:00
ORD_00350,376,PROD_011,6,415.12,634.12,474.7,10.68,32.77,0.0,cancelled,paypal,7145 Pine Rd,,TRK740362,2490.7200000000003,2023-01-25 17:34:00+00:00
ORD_00351,318,PROD_081,1,438.74,268.09,94.97,18.23,39.34,0.0,cancelled,cash,9896 Oak Ave,,TRK328321,438.74,2023-10-31 00:00:00
ORD_00352,452,PROD_064,9,213.07,488.81,591.6,11.58,36.63,32.55,returned,paypal,8104 Main St,,TRK285803,1917.6299999999999,2023-05-23 09:00:00+00:00
ORD_00353,136,PROD_001,5,60.36,662.16,750.85,10.69,21.5,0.0,pending,credit_card,6684 Main St,,TRK375741,301.8,2023-12-24 04:48:00+00:00
ORD_00354,61,PROD_043,3,474.25,1013.14,58.05,0.0,41.96,0.0,shipped,paypal,8884 Oak Ave,,TRK560606,1422.75,2023-07-18 00:00:00
ORD_00355,390,PROD_015,10,440.96,839.07,129.95,17.98,19.85,0.0,processing,cash,3769 Main St,,NOT_AVAILABLE,4409.599999999999,NaT
ORD_00356,176,PROD_196,2,399.93,755.47,502.69,23.95,24.09,39.67,delivered,paypal,35 Main St,,TRK163674,799.86,2023-05-09 19:39:00+00:00
ORD_00358,272,PROD_032,6,128.87,227.38,799.92,10.47,26.21,9.84,shipped,cash,5113 Oak Ave,,TRK519061,773.22,2023-12-16 00:02:00+00:00
ORD_00359,234,PROD_169,10,401.94,261.66,244.08,21.48,22.24,0.0,pending,cash,6579 Pine Rd,,TRK555592,4019.4,2023-03-09 00:00:00
ORD_00360,314,PROD_009,8,79.89,549.01,388.46,0.0,12.64,2.28,processing,paypal,1774 Main St,,TRK336172,639.12,2023-06-21 00:00:00
ORD_00363,473,PROD_064,4,203.37,186.01,490.62,8.03,16.79,0.0,cancelled,cash,9932 Oak Ave,,TRK306375,813.48,2023-06-01 08:09:00+00:00
ORD_00364,297,PROD_196,7,158.37,503.58,459.67,22.51,17.9,0.0,cancelled,paypal,7367 Oak Ave,,NOT_AVAILABLE,1108.5900000000001,2023-10-26 00:00:00
ORD_00365,312,PROD_187,5,82.93,483.2,629.28,0.0,24.41,14.0,shipped,credit_card,4819 Pine Rd,,NOT_AVAILABLE,414.65000000000003,2023-08-03 00:00:00
ORD_00366,238,PROD_011,5,123.76,436.2,488.6,0.0,44.47,0.0,returned,debit_card,8201 Pine Rd,,TRK628885,618.8000000000001,2023-07-01 00:00:00
ORD_00367,265,PROD_124,1,198.07,592.55,112.19,16.33,15.48,30.66,cancelled,bank_transfer,8121 Main St,,NOT_AVAILABLE,198.07,NaT
ORD_00369,272,PROD_191,9,130.67,778.68,173.13,9.57,3.44,0.0,cancelled,bank_transfer,2338 Oak Ave,,NOT_AVAILABLE,1176.03,2023-05-14 00:31:00+00:00
ORD_00370,394,PROD_057,2,156.53,522.47,139.61,0.0,21.56,0.0,returned,bank_transfer,1689 Pine Rd,,NOT_AVAILABLE,313.06,2023-06-07 19:06:00+00:00
ORD_00371,103,PROD_065,8,404.14,416.78,765.18,0.0,48.44,0.0,pending,cash,8716 Main St,,TRK499765,3233.12,2023-08-25 00:00:00
ORD_00372,205,PROD_006,1,200.9,261.79,450.61,0.0,51.82,0.0,returned,cash,247 Pine Rd,,NOT_AVAILABLE,200.9,2023-06-16 17:46:00+00:00
ORD_00373,211,PROD_012,5,147.03,440.63,91.82,20.56,5.16,0.0,pending,paypal,1252 Pine Rd,,TRK349782,735.15,2023-10-26 04:41:00+00:00
ORD_00375,473,PROD_036,8,268.05,281.15,303.34,9.45,7.22,0.0,cancelled,bank_transfer,5035 Main St,Special delivery instructions,NOT_AVAILABLE,2144.4,2023-05-18 09:31:00+00:00
ORD_00377,387,PROD_173,4,248.44,794.89,382.58,0.0,32.87,34.04,processing,debit_card,8838 Main St,,NOT_AVAILABLE,993.76,2023-03-13 00:00:00
ORD_00379,358,PROD_068,4,310.43,749.36,782.43,9.04,50.77,0.0,returned,bank_transfer,7283 Main St,,TRK664958,1241.72,2023-07-13 01:23:00+00:00
ORD_00380,437,PROD_091,4,234.59,145.05,677.64,10.76,22.24,0.0,processing,credit_card,7109 Pine Rd,,TRK523706,938.36,2023-08-06 00:00:00
ORD_00381,78,PROD_076,7,56.37,191.84,764.71,16.28,8.95,21.65,pending,paypal,6582 Oak Ave,,TRK670325,394.59,2023-05-13 00:00:00
ORD_00386,179,PROD_068,10,58.65,697.33,441.63,18.02,12.24,0.0,delivered,cash,3173 Main St,,TRK153981,586.5,2023-06-11 18:00:00+00:00
ORD_00387,453,PROD_124,2,325.47,966.13,112.82,5.76,13.53,31.54,pending,credit_card,6770 Oak Ave,,TRK567409,650.94,2023-03-17 06:35:00+00:00
ORD_00389,414,PROD_103,4,385.35,67.69,203.92,7.05,5.4,0.0,processing,bank_transfer,710 Main St,,NOT_AVAILABLE,1541.4,2023-06-05 05:37:00+00:00
ORD_00391,352,PROD_179,5,311.58,309.64,521.3,15.71,28.81,0.0,processing,paypal,195 Main St,,NOT_AVAILABLE,1557.8999999999999,2023-08-10 02:18:00+00:00
ORD_00393,277,PROD_147,9,140.43,728.4,456.29,12.36,36.9,0.0,pending,paypal,762 Oak Ave,,TRK653552,1263.8700000000001,2023-11-23 22:13:00+00:00
ORD_00395,167,PROD_016,6,436.09,104.07,184.09,9.46,31.21,0.0,cancelled,cash,2462 Main St,Special delivery instructions,TRK190622,2616.54,2023-11-27 00:00:00
ORD_00396,498,PROD_140,8,26.28,884.64,519.64,13.79,51.68,4.72,delivered,debit_card,1127 Pine Rd,,TRK216773,210.24,NaT
ORD_00397,125,PROD_016,5,261.27,958.81,164.79,22.97,19.63,0.0,processing,cash,9079 Oak Ave,,TRK740820,1306.35,2023-10-31 00:00:00
ORD_00398,331,PROD_052,3,76.22,376.77,633.13,15.4,24.74,0.0,returned,bank_transfer,4617 Main St,Special delivery instructions,NOT_AVAILABLE,228.66,2023-05-23 09:01:00+00:00
ORD_00400,464,PROD_034,10,22.34,499.99,587.3,6.91,42.19,23.75,pending,cash,7088 Main St,Special delivery instructions,TRK505271,223.4,2023-05-11 09:46:00+00:00
ORD_00401,364,PROD_017,7,467.49,234.69,556.63,14.44,36.96,24.38,returned,bank_transfer,5919 Oak Ave,,TRK910196,3272.4300000000003,2023-06-17 00:00:00
ORD_00402,102,PROD_121,3,440.66,762.69,546.72,10.59,51.07,0.0,pending,bank_transfer,8931 Main St,,NOT_AVAILABLE,1321.98,NaT
ORD_00403,135,PROD_063,9,49.1,130.99,70.22,0.0,9.9,0.0,cancelled,cash,7403 Pine Rd,,TRK254823,441.90000000000003,2023-11-09 22:57:00+00:00
ORD_00404,142,PROD_149,10,187.02,275.4,803.51,12.1,41.29,0.0,pending,credit_card,6308 Pine Rd,,NOT_AVAILABLE,1870.2,2023-06-05 00:00:00
ORD_00405,149,PROD_046,6,180.25,735.86,693.26,17.78,40.25,49.13,delivered,credit_card,5254 Pine Rd,,NOT_AVAILABLE,1081.5,2023-06-04 02:13:00+00:00
ORD_00406,48,PROD_072,7,417.39,193.74,531.84,7.0,14.67,0.0,delivered,debit_card,7876 Main St,,TRK129916,2921.73,2023-10-04 00:00:00
ORD_00408,152,PROD_048,4,204.49,1013.56,306.79,5.97,43.78,0.0,returned,debit_card,1621 Oak Ave,,TRK701623,817.96,NaT
ORD_00410,91,PROD_064,5,75.3,978.82,168.16,16.59,51.68,0.0,shipped,debit_card,6149 Pine Rd,,TRK739195,376.5,NaT
ORD_00411,385,PROD_167,4,146.69,571.98,127.26,18.34,6.7,0.0,processing,debit_card,1710 Oak Ave,Special delivery instructions,TRK867253,586.76,NaT
ORD_00413,498,PROD_080,7,474.96,618.24,288.18,0.0,47.35,0.0,returned,debit_card,8096 Pine Rd,,TRK850962,3324.72,2023-08-02 00:00:00
ORD_00416,183,PROD_090,7,268.36,584.1,100.24,0.0,3.21,0.0,shipped,debit_card,5361 Main St,,TRK138939,1878.52,2023-08-22 00:00:00
ORD_00417,379,PROD_026,3,214.08,760.33,362.81,6.83,34.45,0.0,pending,credit_card,6112 Oak Ave,,TRK308742,642.24,2023-04-09 22:50:00+00:00
ORD_00418,218,PROD_142,5,159.01,814.06,182.12,0.0,23.57,25.14,returned,cash,2192 Oak Ave,,TRK994476,795.05,2023-12-07 13:21:00+00:00
ORD_00419,288,PROD_017,5,253.77,777.41,543.43,5.54,10.53,0.0,cancelled,cash,2759 Pine Rd,,NOT_AVAILABLE,1268.8500000000001,2023-02-18 00:00:00
ORD_00420,251,PROD_132,7,108.4,815.89,362.87,9.06,24.37,16.02,returned,paypal,3624 Oak Ave,,NOT_AVAILABLE,758.8000000000001,2023-05-18 00:00:00
ORD_00421,215,PROD_025,1,426.54,762.87,309.14,13.54,40.36,0.0,pending,debit_card,582 Main St,,TRK771836,426.54,2023-08-14 05:21:00+00:00
ORD_00422,376,PROD_120,3,400.91,252.08,619.48,17.31,4.54,9.08,pending,debit_card,3721 Main St,,TRK653823,1202.73,2023-03-13 11:37:00+00:00
ORD_00423,267,PROD_113,8,499.16,364.78,463.62,0.0,32.59,0.0,cancelled,bank_transfer,2624 Main St,,TRK613246,3993.28,NaT
ORD_00425,241,PROD_076,3,329.24,236.94,134.96,15.38,33.9,0.0,pending,debit_card,7577 Oak Ave,,TRK853282,987.72,NaT
ORD_00426,78,PROD_111,7,327.73,402.77,684.59,10.01,2.83,0.0,processing,bank_transfer,7411 Oak Ave,,NOT_AVAILABLE,2294.11,2023-09-07 00:00:00
ORD_00429,361,PROD_120,2,280.11,247.08,713.09,13.23,4.01,0.0,shipped,bank_transfer,5417 Pine Rd,,NOT_AVAILABLE,560.22,2023-02-16 00:00:00
ORD_00430,345,PROD_174,5,389.97,275.35,177.53,0.0,34.77,0.0,returned,debit_card,4408 Oak Ave,Special delivery instructions,TRK988362,1949.8500000000001,2023-10-27 00:00:00
ORD_00431,341,PROD_052,1,330.51,70.43,790.43,0.0,4.06,0.0,pending,bank_transfer,2102 Oak Ave,,TRK878210,330.51,NaT
ORD_00432,377,PROD_062,9,137.88,137.79,488.85,22.18,2.23,0.0,returned,cash,2705 Main St,,TRK105988,1240.92,2023-06-09 01:18:00+00:00
ORD_00434,276,PROD_187,6,337.65,450.52,674.46,8.0,31.82,0.0,pending,credit_card,8560 Pine Rd,,NOT_AVAILABLE,2025.8999999999999,2023-12-20 00:00:00
ORD_00436,7,PROD_173,2,153.41,176.02,646.6,14.26,34.19,0.0,shipped,debit_card,521 Pine Rd,Special delivery instructions,TRK311124,306.82,2023-04-03 00:00:00
ORD_00437,136,PROD_009,9,172.43,795.98,249.26,24.4,40.4,0.0,processing,debit_card,691 Oak Ave,Special delivery instructions,TRK605836,1551.8700000000001,2023-12-05 00:03:00+00:00
ORD_00438,456,PROD_015,1,135.71,481.04,838.45,0.0,50.01,31.33,shipped,cash,6593 Oak Ave,,NOT_AVAILABLE,135.71,2023-01-27 00:00:00
ORD_00439,412,PROD_167,1,61.13,503.91,727.93,5.09,44.14,0.0,cancelled,cash,2633 Pine Rd,,TRK136835,61.13,2023-12-16 19:47:00+00:00
ORD_00440,97,PROD_065,7,88.12,990.66,683.84,14.12,33.05,0.0,pending,paypal,5045 Main St,,NOT_AVAILABLE,616.84,2023-04-18 05:36:00+00:00
ORD_00441,1,PROD_109,8,176.06,678.97,63.49,20.96,36.82,18.55,delivered,paypal,2414 Pine Rd,,TRK282777,1408.48,2023-10-09 00:00:00
ORD_00447,494,PROD_036,10,38.05,647.99,460.78,15.94,13.44,0.0,delivered,debit_card,8476 Main St,,NOT_AVAILABLE,380.5,2023-10-13 00:00:00
ORD_00448,81,PROD_189,2,76.03,556.54,88.53,11.36,39.92,19.32,shipped,debit_card,3514 Pine Rd,Special delivery instructions,NOT_AVAILABLE,152.06,2023-08-04 08:15:00+00:00
ORD_00449,73,PROD_009,1,269.27,290.71,328.71,22.91,14.47,0.0,cancelled,credit_card,7943 Main St,Special delivery instructions,TRK683770,269.27,2023-04-03 20:34:00+00:00
ORD_00450,474,PROD_059,3,331.78,370.56,341.52,22.89,10.49,0.0,returned,debit_card,6964 Main St,,NOT_AVAILABLE,995.3399999999999,2023-12-14 22:23:00+00:00
ORD_00451,453,PROD_196,9,94.48,895.12,754.54,24.76,42.53,0.0,cancelled,cash,2418 Pine Rd,,TRK139318,850.32,2023-04-12 00:00:00
ORD_00453,398,PROD_119,7,402.29,763.44,626.49,20.26,49.98,0.0,shipped,paypal,5201 Oak Ave,,TRK278642,2816.03,2023-10-03 00:00:00
ORD_00454,481,PROD_198,4,116.16,882.73,468.94,0.0,49.5,41.38,shipped,credit_card,6371 Pine Rd,Special delivery instructions,NOT_AVAILABLE,464.64,2023-12-22 12:12:00+00:00
ORD_00455,335,PROD_197,5,102.61,831.19,684.24,23.55,43.5,0.0,delivered,credit_card,3609 Oak Ave,,NOT_AVAILABLE,513.05,2023-11-01 09:03:00+00:00
ORD_00456,343,PROD_111,5,206.41,1048.63,113.73,0.0,7.6,0.0,cancelled,paypal,3059 Oak Ave,,TRK202530,1032.05,2023-04-06 00:00:00
ORD_00457,73,PROD_090,4,402.14,599.17,576.73,0.0,30.92,0.0,cancelled,debit_card,2825 Main St,Special delivery instructions,NOT_AVAILABLE,1608.56,2023-01-10 17:38:00+00:00
ORD_00458,269,PROD_133,9,396.42,910.4,474.17,23.67,51.63,0.0,pending,credit_card,785 Pine Rd,,NOT_AVAILABLE,3567.78,2023-02-14 17:20:00+00:00
ORD_00459,123,PROD_170,8,367.77,666.95,626.88,24.88,17.0,0.0,processing,credit_card,8636 Oak Ave,Special delivery instructions,NOT_AVAILABLE,2942.16,2023-11-26 02:03:00+00:00
ORD_00460,359,PROD_124,10,212.46,497.95,544.57,0.0,21.81,0.0,processing,credit_card,3117 Oak Ave,,NOT_AVAILABLE,2124.6,NaT
ORD_00461,300,PROD_162,8,16.23,942.31,298.04,16.06,49.65,11.54,processing,paypal,6286 Pine Rd,,TRK648761,129.84,2023-02-14 00:00:00
ORD_00462,226,PROD_050,4,128.29,371.17,797.56,20.79,17.96,0.0,processing,cash,5400 Oak Ave,,NOT_AVAILABLE,513.16,2023-08-08 00:00:00
ORD_00463,373,PROD_099,3,453.16,594.78,164.78,7.05,30.14,0.0,delivered,cash,8646 Pine Rd,,NOT_AVAILABLE,1359.48,2023-01-02 00:56:00+00:00
ORD_00464,196,PROD_138,6,176.46,800.86,838.93,22.73,12.13,0.0,delivered,paypal,3217 Main St,,TRK793591,1058.76,2023-05-18 00:00:00
ORD_00465,398,PROD_014,6,204.65,535.25,175.37,9.12,21.88,0.0,cancelled,cash,1227 Main St,,TRK899499,1227.9,NaT
ORD_00466,276,PROD_154,8,271.85,594.98,839.36,20.55,51.91,0.0,returned,cash,2395 Pine Rd,,NOT_AVAILABLE,2174.8,2023-02-21 00:00:00
ORD_00467,164,PROD_057,7,480.11,1019.51,808.27,13.48,32.05,24.93,returned,credit_card,408 Oak Ave,,NOT_AVAILABLE,3360.77,NaT
ORD_00468,426,PROD_122,9,490.74,970.05,830.76,0.0,41.03,0.0,pending,credit_card,2642 Pine Rd,,TRK993827,4416.66,NaT
ORD_00474,197,PROD_049,7,20.23,559.24,582.29,14.47,37.37,0.0,cancelled,paypal,8034 Main St,,TRK753488,141.61,2023-12-23 13:48:00+00:00
ORD_00475,300,PROD_197,7,367.42,886.49,667.76,0.0,19.37,0.0,shipped,cash,3413 Main St,,NOT_AVAILABLE,2571.94,2023-11-26 00:00:00
ORD_00476,61,PROD_012,1,495.02,248.06,779.96,23.9,14.73,0.0,delivered,cash,7800 Pine Rd,,TRK946121,495.02,2023-10-02 00:00:00
ORD_00477,428,PROD_065,4,500.81,202.25,487.32,23.03,33.68,0.0,pending,cash,3960 Pine Rd,,TRK264715,2003.24,2023-02-20 21:52:00+00:00
ORD_00478,258,PROD_177,10,476.5,769.33,525.29,24.04,4.37,0.0,cancelled,debit_card,4259 Oak Ave,,NOT_AVAILABLE,4765.0,2023-07-09 02:43:00+00:00
ORD_00480,479,PROD_120,9,109.18,604.59,577.46,16.79,47.44,20.27,delivered,debit_card,4636 Pine Rd,,NOT_AVAILABLE,982.6200000000001,2023-02-02 00:12:00+00:00
ORD_00481,142,PROD_104,1,443.86,99.83,562.96,8.09,8.42,0.0,shipped,credit_card,8882 Oak Ave,,TRK211585,443.86,2023-01-15 09:54:00+00:00
ORD_00483,174,PROD_086,9,444.65,649.31,517.89,12.43,34.1,2.43,processing,debit_card,158 Pine Rd,Special delivery instructions,TRK760644,4001.85,2023-11-11 13:54:00+00:00
ORD_00484,351,PROD_056,3,466.34,427.31,477.86,20.32,27.32,0.0,shipped,credit_card,5640 Oak Ave,,NOT_AVAILABLE,1399.02,2023-11-07 00:00:00
ORD_00485,439,PROD_112,6,437.19,220.18,500.35,24.91,5.12,0.0,shipped,credit_card,7480 Pine Rd,,NOT_AVAILABLE,2623.14,2023-03-21 00:00:00
ORD_00486,319,PROD_117,10,269.38,169.48,778.5,23.09,35.11,0.0,delivered,bank_transfer,359 Main St,,TRK825989,2693.8,2023-01-05 07:32:00+00:00
ORD_00487,253,PROD_011,1,487.3,368.26,294.05,7.67,32.28,19.61,pending,paypal,2028 Oak Ave,,TRK180069,487.3,2023-01-20 02:04:00+00:00
ORD_00488,220,PROD_176,10,192.85,55.47,481.28,0.0,29.05,0.0,returned,credit_card,4526 Oak Ave,,TRK285862,1928.5,2023-02-22 00:00:00
ORD_00490,158,PROD_072,8,88.82,387.67,678.96,0.0,46.01,0.0,delivered,cash,8891 Oak Ave,,TRK103400,710.56,2023-08-16 00:00:00
ORD_00491,227,PROD_076,3,122.78,804.35,52.17,24.09,34.09,0.0,cancelled,credit_card,7905 Main St,,NOT_AVAILABLE,368.34000000000003,2023-02-04 00:00:00
ORD_00492,204,PROD_173,5,414.26,1018.07,320.05,0.0,26.64,45.11,processing,bank_transfer,4465 Pine Rd,,TRK262696,2071.3,2023-11-03 19:14:00+00:00
ORD_00495,27,PROD_149,9,139.23,730.62,684.95,21.53,34.87,0.0,delivered,paypal,963 Main St,Special delivery instructions,TRK741449,1253.07,2023-04-02 09:24:00+00:00
ORD_00496,449,PROD_015,2,205.5,764.41,207.88,24.75,19.5,0.0,cancelled,paypal,9239 Pine Rd,,TRK525596,411.0,NaT
ORD_00497,270,PROD_129,2,456.38,293.15,547.22,15.73,3.35,36.84,shipped,debit_card,2586 Oak Ave,Special delivery instructions,TRK510594,912.76,2023-07-23 14:00:00+00:00
ORD_00499,207,PROD_008,8,183.35,1013.12,245.92,0.0,32.89,0.0,returned,credit_card,6628 Pine Rd,,TRK126949,1466.8,NaT
ORD_00500,466,PROD_140,6,16.32,569.55,78.44,6.26,44.86,44.77,delivered,bank_transfer,2772 Main St,Special delivery instructions,NOT_AVAILABLE,97.92,2023-06-28 10:55:00+00:00
ORD_00501,59,PROD_190,6,175.26,555.61,336.14,0.0,19.38,17.07,delivered,bank_transfer,4607 Main St,,TRK584432,1051.56,2023-07-15 00:00:00
ORD_00502,164,PROD_101,9,214.87,432.25,323.65,0.0,20.64,0.0,processing,cash,3455 Oak Ave,,TRK770313,1933.83,NaT
ORD_00503,284,PROD_050,4,19.28,973.92,755.81,15.08,37.25,0.0,delivered,credit_card,8673 Main St,,NOT_AVAILABLE,77.12,NaT
ORD_00504,53,PROD_013,8,319.21,157.36,178.54,0.0,25.44,39.55,shipped,credit_card,7626 Oak Ave,,TRK805985,2553.68,2023-04-20 02:04:00+00:00
ORD_00505,135,PROD_160,8,435.69,156.47,414.09,6.37,32.57,2.13,shipped,paypal,2982 Pine Rd,,TRK683631,3485.52,2023-03-07 23:50:00+00:00
ORD_00507,354,PROD_119,3,285.61,425.68,226.35,0.0,30.53,0.0,,bank_transfer,5216 Pine Rd,,TRK720318,856.83,2023-07-08 16:46:00+00:00
ORD_00508,281,PROD_141,10,142.71,153.84,263.72,10.67,50.89,0.0,delivered,debit_card,2524 Main St,Special delivery instructions,TRK539222,1427.1000000000001,NaT
ORD_00509,50,PROD_015,9,63.6,555.93,715.35,17.41,19.41,0.0,processing,credit_card,6455 Pine Rd,,TRK222825,572.4,2023-12-10 00:00:00
ORD_00510,407,PROD_093,9,432.97,895.07,331.89,16.98,33.52,49.37,returned,paypal,649 Main St,,TRK799309,3896.7300000000005,NaT
ORD_00511,251,PROD_025,1,293.88,409.89,541.26,8.58,24.47,34.94,pending,paypal,7163 Pine Rd,,TRK867869,293.88,2023-09-21 00:00:00
ORD_00512,23,PROD_037,6,87.26,398.51,107.05,24.5,43.22,0.0,delivered,cash,1810 Oak Ave,,TRK291340,523.5600000000001,2023-04-20 17:29:00+00:00
ORD_00514,27,PROD_195,7,80.11,798.6,495.4,12.74,6.74,0.0,cancelled,debit_card,6512 Pine Rd,,TRK610239,560.77,2023-12-24 00:00:00
ORD_00515,258,PROD_023,10,215.91,128.51,464.07,0.0,42.03,0.0,delivered,credit_card,7924 Main St,,NOT_AVAILABLE,2159.1,2023-02-23 00:00:00
ORD_00516,281,PROD_174,1,248.28,295.7,63.65,19.58,13.65,47.25,processing,paypal,9852 Pine Rd,Special delivery instructions,NOT_AVAILABLE,248.28,NaT
ORD_00518,59,PROD_025,10,198.46,859.38,229.65,23.96,34.13,20.54,delivered,debit_card,1748 Oak Ave,,TRK498487,1984.6000000000001,2023-09-04 00:00:00
ORD_00519,486,PROD_034,7,75.18,477.99,738.31,18.16,47.62,0.0,pending,cash,4267 Oak Ave,Special delivery instructions,NOT_AVAILABLE,526.26,2023-02-19 13:54:00+00:00
ORD_00520,191,PROD_159,5,130.83,663.63,803.16,15.84,17.19,0.0,processing,debit_card,8322 Oak Ave,,NOT_AVAILABLE,654.1500000000001,2023-01-16 09:13:00+00:00
ORD_00521,150,PROD_124,3,237.34,514.09,813.34,0.0,36.45,0.0,shipped,paypal,3882 Oak Ave,Special delivery instructions,TRK889619,712.02,2023-12-18 07:28:00+00:00
ORD_00523,347,PROD_026,8,271.04,149.51,764.5,22.19,37.94,0.0,delivered,debit_card,390 Main St,Special delivery instructions,NOT_AVAILABLE,2168.32,2023-07-19 03:06:00+00:00
ORD_00524,142,PROD_138,9,231.17,343.67,477.53,0.0,41.45,26.61,cancelled,cash,4662 Oak Ave,,TRK204692,2080.5299999999997,2023-08-14 00:00:00
ORD_00526,277,PROD_068,8,276.99,454.89,359.25,24.55,22.2,0.0,shipped,credit_card,4760 Pine Rd,,TRK869130,2215.92,NaT
ORD_00527,93,PROD_160,1,358.03,360.01,314.8,14.5,51.71,0.0,pending,paypal,3461 Pine Rd,,TRK459433,358.03,NaT
ORD_00528,173,PROD_052,6,461.83,421.93,210.0,19.82,23.48,0.0,processing,credit_card,6500 Oak Ave,,TRK386359,2770.98,2023-03-09 00:00:00
ORD_00529,83,PROD_109,8,64.51,914.96,516.75,11.68,10.39,0.0,processing,paypal,8778 Main St,,TRK151271,516.08,2023-04-02 02:00:00+00:00
ORD_00530,299,PROD_176,7,441.22,750.46,698.13,0.0,44.89,7.66,returned,bank_transfer,9566 Main St,,TRK579648,3088.54,NaT
ORD_00531,220,PROD_163,3,342.79,585.48,277.51,13.47,47.31,17.75,shipped,cash,5380 Pine Rd,,TRK332716,1028.3700000000001,2023-04-09 10:48:00+00:00
ORD_00532,232,PROD_140,5,478.52,784.14,82.08,8.25,16.85,0.0,returned,debit_card,2954 Pine Rd,,NOT_AVAILABLE,2392.6,2023-08-14 11:33:00+00:00
ORD_00534,483,PROD_172,1,182.02,528.09,274.19,24.28,4.29,8.08,returned,cash,948 Pine Rd,,NOT_AVAILABLE,182.02,2023-08-08 09:24:00+00:00
ORD_00536,401,PROD_026,10,135.97,175.8,154.08,9.01,35.79,0.0,processing,credit_card,2824 Pine Rd,,TRK259800,1359.7,2023-07-13 00:00:00
ORD_00538,60,PROD_184,10,89.92,69.32,51.66,14.29,41.04,0.0,pending,credit_card,8705 Oak Ave,,NOT_AVAILABLE,899.2,2023-08-28 03:45:00+00:00
ORD_00540,263,PROD_117,7,205.86,304.92,823.46,22.53,39.0,0.0,delivered,cash,8381 Pine Rd,Special delivery instructions,NOT_AVAILABLE,1441.02,2023-03-17 21:51:00+00:00
ORD_00542,177,PROD_131,4,374.53,691.17,189.21,13.45,6.86,0.0,returned,paypal,1039 Oak Ave,,NOT_AVAILABLE,1498.12,2023-11-17 23:02:00+00:00
ORD_00543,136,PROD_124,3,254.59,561.32,165.78,7.34,2.45,0.0,processing,credit_card,8441 Oak Ave,Special delivery instructions,TRK983672,763.77,2023-02-16 00:00:00
ORD_00548,125,PROD_161,7,73.57,419.54,739.78,24.33,16.9,13.34,shipped,credit_card,3601 Pine Rd,,TRK595465,514.99,2023-02-28 00:00:00
ORD_00550,78,PROD_050,8,350.0,404.94,501.98,6.5,10.6,0.0,delivered,credit_card,5108 Main St,Special delivery instructions,TRK630733,2800.0,NaT
ORD_00551,393,PROD_195,6,191.37,262.74,324.33,22.99,43.04,0.0,processing,bank_transfer,8984 Pine Rd,,TRK230612,1148.22,2023-08-23 10:09:00+00:00
ORD_00552,45,PROD_161,7,382.0,563.53,222.02,14.26,4.08,0.0,shipped,credit_card,4328 Oak Ave,,TRK186208,2674.0,2023-06-19 00:51:00+00:00
ORD_00553,186,PROD_014,2,461.45,618.58,372.38,0.0,37.24,0.0,shipped,debit_card,5851 Pine Rd,,TRK253956,922.9,2023-11-24 15:26:00+00:00
ORD_00554,421,PROD_144,5,111.53,743.52,51.72,20.02,37.84,43.44,shipped,debit_card,6051 Pine Rd,,TRK370471,557.65,2023-03-02 23:09:00+00:00
ORD_00557,60,PROD_124,4,346.35,1026.32,358.45,7.84,4.6,1.35,delivered,credit_card,4397 Main St,,TRK957476,1385.4,2023-03-01 00:00:00
ORD_00558,294,PROD_003,2,392.81,191.16,383.2,0.0,39.58,0.0,returned,debit_card,6053 Oak Ave,,TRK196542,785.62,2023-10-27 00:00:00
ORD_00559,319,PROD_077,5,346.18,300.41,111.85,8.32,22.19,0.0,cancelled,bank_transfer,496 Pine Rd,,NOT_AVAILABLE,1730.9,2023-03-04 00:00:00
ORD_00561,494,PROD_064,9,190.2,613.55,570.98,21.1,45.92,13.0,shipped,cash,6626 Oak Ave,,TRK216681,1711.8,2023-12-05 14:59:00+00:00
ORD_00565,231,PROD_079,9,435.06,161.06,88.61,21.07,24.78,0.0,pending,debit_card,2589 Pine Rd,Special delivery instructions,TRK641271,3915.54,2023-11-17 00:00:00
ORD_00567,161,PROD_044,5,482.38,371.35,415.95,14.27,51.78,0.0,pending,bank_transfer,2914 Oak Ave,Special delivery instructions,NOT_AVAILABLE,2411.9,2023-10-25 05:43:00+00:00
ORD_00568,260,PROD_002,10,397.95,370.53,631.75,20.46,46.21,26.2,shipped,credit_card,5732 Oak Ave,,NOT_AVAILABLE,3979.5,2023-09-25 00:00:00
ORD_00569,350,PROD_183,1,178.98,489.92,376.8,0.0,15.91,33.02,cancelled,paypal,1400 Main St,,TRK952685,178.98,2023-03-13 00:00:00
ORD_00570,164,PROD_011,3,230.05,961.88,189.3,21.35,29.14,0.0,cancelled,bank_transfer,2344 Main St,,TRK332195,690.1500000000001,NaT
ORD_00572,387,PROD_072,2,494.5,976.15,472.78,11.13,16.37,0.0,processing,credit_card,8191 Pine Rd,Special delivery instructions,TRK720786,989.0,2023-04-02 20:12:00+00:00
ORD_00573,57,PROD_113,9,78.61,429.94,512.66,23.2,13.02,22.45,pending,paypal,5543 Oak Ave,Special delivery instructions,TRK317263,707.49,2023-01-01 10:57:00+00:00
ORD_00576,300,PROD_128,4,405.39,813.19,131.94,10.07,13.94,44.31,delivered,credit_card,2119 Oak Ave,Special delivery instructions,TRK227508,1621.56,2023-08-16 22:03:00+00:00
ORD_00577,129,PROD_156,6,207.83,260.53,131.59,22.06,51.65,0.0,processing,cash,8184 Pine Rd,,TRK447328,1246.98,2023-12-08 08:34:00+00:00
ORD_00579,43,PROD_048,3,58.4,636.68,442.43,0.0,46.05,0.0,cancelled,credit_card,1432 Oak Ave,,NOT_AVAILABLE,175.2,2023-11-14 04:39:00+00:00
ORD_00581,129,PROD_191,6,501.74,900.61,231.37,0.0,23.24,0.0,processing,paypal,3074 Oak Ave,Special delivery instructions,TRK976145,3010.44,2023-07-26 08:10:00+00:00
ORD_00583,376,PROD_173,1,379.47,869.75,676.51,10.38,9.53,0.0,pending,credit_card,3732 Main St,,TRK653132,379.47,2023-03-24 00:00:00
ORD_00584,231,PROD_165,8,49.1,801.09,198.22,10.4,7.95,30.56,shipped,cash,3584 Pine Rd,,TRK953468,392.8,2023-03-17 00:00:00
ORD_00585,283,PROD_147,9,69.83,614.07,600.23,13.3,32.02,0.0,returned,credit_card,4341 Main St,Special delivery instructions,NOT_AVAILABLE,628.47,2023-10-19 00:00:00
ORD_00586,240,PROD_172,7,138.74,785.31,252.47,7.1,29.04,0.0,shipped,credit_card,3357 Main St,,NOT_AVAILABLE,971.1800000000001,2023-01-20 00:00:00
ORD_00588,322,PROD_199,6,229.36,390.4,283.95,12.67,45.05,0.0,cancelled,credit_card,9413 Oak Ave,,TRK265450,1376.16,2023-04-17 00:00:00
ORD_00589,169,PROD_006,3,194.35,429.41,459.6,17.57,47.0,24.54,delivered,paypal,71 Pine Rd,,TRK305640,583.05,2023-04-19 16:05:00+00:00
ORD_00590,95,PROD_152,3,342.03,616.98,526.05,19.16,3.19,0.0,delivered,paypal,128 Oak Ave,,NOT_AVAILABLE,1026.09,2023-03-19 00:00:00
ORD_00592,105,PROD_100,4,339.11,704.64,299.18,10.62,42.18,0.0,pending,bank_transfer,3120 Oak Ave,Special delivery instructions,TRK222071,1356.44,2023-12-01 00:00:00
ORD_00593,156,PROD_130,6,246.81,231.18,140.69,13.33,47.03,0.0,cancelled,paypal,2262 Main St,Special delivery instructions,NOT_AVAILABLE,1480.8600000000001,2023-12-11 10:56:00+00:00
ORD_00595,179,PROD_040,8,425.35,530.59,70.66,0.0,41.84,0.0,processing,bank_transfer,9506 Pine Rd,,TRK770278,3402.8,2023-04-06 14:09:00+00:00
ORD_00597,389,PROD_062,5,436.49,678.58,496.57,0.0,30.29,38.28,returned,bank_transfer,1311 Oak Ave,,NOT_AVAILABLE,2182.45,2023-09-01 00:00:00
ORD_00598,87,PROD_015,8,124.67,274.58,688.58,16.69,48.96,0.0,cancelled,credit_card,4391 Pine Rd,,TRK772282,997.36,2023-08-23 14:01:00+00:00
ORD_00600,194,PROD_003,3,336.76,1018.69,62.46,12.31,42.98,0.0,pending,paypal,9466 Oak Ave,,NOT_AVAILABLE,1010.28,2023-03-22 00:00:00
ORD_00601,281,PROD_016,1,498.83,910.54,173.02,0.0,6.94,0.0,cancelled,bank_transfer,4483 Oak Ave,Special delivery instructions,TRK431883,498.83,2023-04-01 00:00:00
ORD_00602,210,PROD_176,7,434.79,278.7,436.32,0.0,44.7,0.0,delivered,bank_transfer,7907 Pine Rd,,NOT_AVAILABLE,3043.53,2023-12-24 00:00:00
ORD_00603,447,PROD_104,7,150.35,679.11,350.92,23.76,50.93,0.0,processing,debit_card,1699 Pine Rd,,TRK635358,1052.45,2023-07-14 12:00:00+00:00
ORD_00604,266,PROD_093,10,389.93,456.44,450.65,7.42,49.86,16.12,cancelled,bank_transfer,9209 Pine Rd,,TRK605139,3899.3,NaT
ORD_00605,383,PROD_112,5,286.27,656.78,320.14,0.0,18.52,0.0,pending,debit_card,6804 Main St,,TRK102562,1431.35,2023-11-01 20:10:00+00:00
ORD_00606,174,PROD_101,9,455.39,994.84,693.1,21.14,46.69,0.0,pending,paypal,3910 Pine Rd,,TRK208300,4098.51,NaT
ORD_00608,93,PROD_168,6,320.51,285.38,554.67,20.44,32.33,0.0,delivered,debit_card,6919 Pine Rd,,NOT_AVAILABLE,1923.06,2023-10-12 00:00:00
ORD_00609,309,PROD_050,4,372.49,484.07,632.31,0.0,32.57,41.43,shipped,credit_card,4476 Oak Ave,,NOT_AVAILABLE,1489.96,2023-05-18 20:54:00+00:00
ORD_00610,236,PROD_074,2,403.62,936.42,413.05,0.0,21.95,5.1,processing,paypal,5588 Oak Ave,,NOT_AVAILABLE,807.24,2023-05-03 00:00:00
ORD_00611,406,PROD_115,3,286.61,778.88,279.9,23.61,15.61,15.11,delivered,bank_transfer,9272 Oak Ave,Special delivery instructions,TRK900078,859.83,2023-12-07 23:38:00+00:00
ORD_00612,236,PROD_039,2,109.76,752.64,715.14,23.53,26.04,0.0,returned,paypal,5657 Oak Ave,,NOT_AVAILABLE,219.52,NaT
ORD_00615,470,PROD_172,1,366.02,967.5,530.41,0.0,8.94,0.0,pending,paypal,3420 Pine Rd,,TRK544085,366.02,2023-08-20 04:18:00+00:00
ORD_00616,468,PROD_170,1,167.8,472.16,227.05,22.74,19.61,31.18,delivered,debit_card,9953 Pine Rd,,NOT_AVAILABLE,167.8,2023-05-05 00:09:00+00:00
ORD_00618,387,PROD_198,2,252.19,395.5,620.5,5.28,21.23,0.0,returned,paypal,5236 Pine Rd,,TRK465306,504.38,2023-03-23 00:00:00
ORD_00619,335,PROD_149,1,182.38,769.25,373.96,23.71,25.5,0.0,processing,debit_card,6378 Oak Ave,,TRK837836,182.38,2023-08-25 00:00:00
ORD_00624,341,PROD_077,10,303.15,246.88,214.08,13.82,17.88,0.0,shipped,credit_card,1645 Pine Rd,Special delivery instructions,NOT_AVAILABLE,3031.5,2023-04-24 21:15:00+00:00
ORD_00626,131,PROD_048,3,167.85,726.46,107.45,16.08,2.9,0.0,shipped,debit_card,2118 Oak Ave,,NOT_AVAILABLE,503.54999999999995,2023-01-27 11:09:00+00:00
ORD_00627,27,PROD_198,7,30.93,749.03,504.36,7.79,41.75,0.0,shipped,cash,2526 Oak Ave,,TRK568576,216.51,2023-07-23 14:10:00+00:00
ORD_00628,60,PROD_025,2,475.27,874.24,803.75,18.42,48.88,0.0,delivered,bank_transfer,3652 Main St,Special delivery instructions,TRK656758,950.54,NaT
ORD_00630,223,PROD_102,2,494.28,749.6,721.14,18.68,15.82,0.0,returned,paypal,7602 Oak Ave,,TRK923757,988.56,2023-04-26 15:14:00+00:00
ORD_00633,116,PROD_128,3,162.64,348.72,471.64,13.63,51.73,0.0,shipped,debit_card,9053 Oak Ave,,NOT_AVAILABLE,487.91999999999996,2023-10-09 10:03:00+00:00
ORD_00634,461,PROD_173,9,196.74,791.56,54.32,18.94,22.4,0.0,pending,cash,2938 Main St,,TRK480201,1770.66,2023-07-22 17:54:00+00:00
ORD_00635,465,PROD_189,6,437.46,631.4,384.41,5.98,27.8,0.0,processing,paypal,2027 Pine Rd,,NOT_AVAILABLE,2624.7599999999998,NaT
ORD_00636,24,PROD_098,8,146.91,608.89,352.36,22.08,6.76,0.0,processing,paypal,7640 Main St,,TRK236707,1175.28,2023-03-21 04:15:00+00:00
ORD_00637,29,PROD_179,4,308.36,245.25,83.84,18.12,19.78,0.0,delivered,paypal,2017 Oak Ave,,TRK277594,1233.44,2023-12-26 05:36:00+00:00
ORD_00638,16,PROD_168,7,213.31,974.37,485.1,23.45,31.27,1.54,delivered,debit_card,4630 Pine Rd,,TRK906421,1493.17,2023-02-25 00:00:00
ORD_00639,48,PROD_126,6,483.72,137.28,425.92,19.79,17.23,0.0,cancelled,credit_card,7654 Oak Ave,,TRK190990,2902.32,2023-07-11 00:00:00
ORD_00640,43,PROD_124,4,452.52,593.46,258.85,0.0,8.04,19.46,delivered,cash,3683 Pine Rd,,TRK664185,1810.08,2023-02-27 00:00:00
ORD_00641,223,PROD_169,10,57.89,142.85,163.98,10.52,44.15,0.0,shipped,credit_card,4417 Oak Ave,,TRK164250,578.9,2023-01-14 00:00:00
ORD_00642,370,PROD_168,2,333.47,535.59,728.87,5.14,21.31,0.0,delivered,bank_transfer,2225 Pine Rd,,TRK642482,666.94,2023-03-21 00:00:00
ORD_00645,356,PROD_133,6,270.8,725.9,160.74,19.04,4.4,0.0,pending,debit_card,6082 Pine Rd,,TRK907890,1624.8000000000002,2023-01-20 00:00:00
ORD_00646,328,PROD_031,7,386.35,938.28,459.09,21.53,20.64,0.0,processing,paypal,7145 Oak Ave,,NOT_AVAILABLE,2704.4500000000003,2023-09-18 03:12:00+00:00
ORD_00647,442,PROD_080,10,147.84,991.55,315.63,0.0,19.87,35.79,returned,credit_card,6375 Pine Rd,Special delivery instructions,TRK702043,1478.4,2023-11-11 00:00:00
ORD_00648,421,PROD_190,1,431.09,532.19,468.14,13.39,22.71,0.0,pending,paypal,6262 Pine Rd,,TRK218332,431.09,2023-01-02 02:15:00+00:00
ORD_00649,483,PROD_130,9,396.65,255.11,598.56,0.0,5.36,22.45,delivered,cash,9420 Pine Rd,,NOT_AVAILABLE,3569.85,NaT
ORD_00650,52,PROD_100,5,39.55,201.35,438.49,9.63,27.55,0.0,pending,credit_card,2593 Pine Rd,,TRK179531,197.75,NaT
ORD_00651,107,PROD_040,3,19.9,992.74,744.24,23.68,2.47,0.0,pending,debit_card,8249 Main St,,TRK980195,59.699999999999996,2023-01-26 16:09:00+00:00
ORD_00653,291,PROD_062,10,160.44,854.45,490.4,22.67,28.6,0.0,returned,debit_card,5053 Main St,Special delivery instructions,TRK491727,1604.4,2023-02-12 11:39:00+00:00
ORD_00654,269,PROD_144,6,214.29,767.27,784.5,8.11,7.45,0.0,cancelled,bank_transfer,4947 Main St,,NOT_AVAILABLE,1285.74,2023-08-22 02:16:00+00:00
ORD_00656,392,PROD_072,5,228.74,75.09,714.95,13.94,39.15,0.0,processing,paypal,7086 Oak Ave,,NOT_AVAILABLE,1143.7,2023-03-03 03:53:00+00:00
ORD_00657,218,PROD_160,9,364.75,1004.48,174.88,0.0,23.37,0.0,returned,bank_transfer,6226 Pine Rd,,NOT_AVAILABLE,3282.75,2023-12-19 00:00:00
ORD_00658,196,PROD_180,10,215.89,527.65,285.37,18.99,4.8,0.0,cancelled,debit_card,1572 Main St,,TRK408433,2158.8999999999996,2023-04-17 14:31:00+00:00
ORD_00659,378,PROD_169,6,277.18,184.83,190.26,0.0,17.0,17.95,pending,credit_card,2325 Main St,,TRK839214,1663.08,2023-06-09 04:32:00+00:00
ORD_00660,160,PROD_042,3,134.21,825.47,48.64,11.36,14.64,0.0,shipped,debit_card,3079 Oak Ave,,TRK790639,402.63,2023-01-10 00:00:00
ORD_00661,219,PROD_056,6,346.71,798.9,225.79,15.31,28.78,0.0,pending,debit_card,8001 Main St,Special delivery instructions,TRK272121,2080.2599999999998,2023-12-18 22:30:00+00:00
ORD_00662,449,PROD_139,8,138.03,96.17,575.6,0.0,15.04,0.0,returned,debit_card,9536 Oak Ave,,TRK157404,1104.24,2023-10-28 00:26:00+00:00
ORD_00663,202,PROD_158,6,284.37,598.6,658.35,0.0,43.48,0.0,delivered,paypal,2619 Pine Rd,,NOT_AVAILABLE,1706.22,2023-05-05 11:01:00+00:00
ORD_00664,414,PROD_025,2,310.34,995.53,671.89,0.0,38.19,0.0,cancelled,credit_card,1787 Main St,,TRK953112,620.68,2023-05-09 17:15:00+00:00
ORD_00665,375,PROD_147,4,181.75,852.27,249.69,23.12,24.31,0.0,cancelled,cash,6475 Oak Ave,,TRK590937,727.0,2023-03-06 00:00:00
ORD_00666,65,PROD_166,1,248.25,1042.7,179.85,0.0,27.51,0.0,cancelled,cash,5079 Main St,Special delivery instructions,NOT_AVAILABLE,248.25,2023-05-22 00:00:00
ORD_00667,91,PROD_042,3,179.33,742.91,579.02,0.0,23.52,0.0,cancelled,credit_card,5194 Pine Rd,Special delivery instructions,TRK267296,537.99,2023-10-23 00:00:00
ORD_00669,228,PROD_199,10,476.51,163.01,740.53,0.0,45.44,1.27,cancelled,debit_card,6177 Pine Rd,,TRK427323,4765.1,2023-01-08 07:38:00+00:00
ORD_00670,135,PROD_022,3,253.95,327.27,95.75,14.17,20.05,0.0,returned,debit_card,5043 Pine Rd,,TRK717531,761.8499999999999,2023-06-10 15:43:00+00:00
ORD_00671,20,PROD_055,4,315.66,414.7,171.84,16.26,47.79,7.97,delivered,bank_transfer,6506 Oak Ave,,NOT_AVAILABLE,1262.64,2023-04-09 02:28:00+00:00
ORD_00673,345,PROD_016,7,237.36,652.52,190.5,13.88,16.56,0.0,delivered,credit_card,5553 Oak Ave,Special delivery instructions,TRK893318,1661.52,2023-04-22 03:30:00+00:00
ORD_00675,12,PROD_031,7,278.59,1036.76,234.6,0.0,31.11,31.03,pending,cash,2142 Main St,,TRK179603,1950.1299999999999,NaT
ORD_00676,385,PROD_012,7,117.54,775.32,121.54,6.16,47.81,0.0,processing,paypal,954 Pine Rd,,TRK408750,822.7800000000001,2023-12-18 02:26:00+00:00
ORD_00677,132,PROD_167,2,124.38,652.4,680.21,12.67,43.69,22.46,cancelled,paypal,1726 Main St,,TRK852622,248.76,2023-10-06 12:12:00+00:00
ORD_00678,239,PROD_122,6,322.41,1028.36,300.5,0.0,3.43,0.0,pending,debit_card,5199 Main St,,TRK475565,1934.46,2023-06-13 00:00:00
ORD_00679,74,PROD_006,2,80.01,72.23,797.97,21.09,12.15,11.63,returned,bank_transfer,8066 Main St,,TRK891521,160.02,2023-06-10 08:21:00+00:00
ORD_00680,230,PROD_033,5,89.15,438.88,266.74,14.13,28.09,0.0,cancelled,cash,9919 Pine Rd,,NOT_AVAILABLE,445.75,NaT
ORD_00682,120,PROD_111,3,338.96,167.76,260.83,14.71,51.27,17.88,shipped,cash,2590 Pine Rd,,TRK488733,1016.8799999999999,2023-06-23 18:13:00+00:00
ORD_00684,84,PROD_044,2,96.67,373.64,463.32,23.49,25.39,0.0,delivered,debit_card,7229 Oak Ave,,NOT_AVAILABLE,193.34,NaT
ORD_00685,10,PROD_133,3,269.25,677.02,493.44,21.56,34.85,0.0,processing,paypal,1754 Oak Ave,Special delivery instructions,TRK724788,807.75,2023-02-17 00:00:00
ORD_00686,234,PROD_111,5,91.68,894.74,686.65,23.83,38.23,0.0,delivered,cash,7457 Main St,,NOT_AVAILABLE,458.40000000000003,2023-09-24 04:19:00+00:00
ORD_00687,124,PROD_037,3,208.95,219.16,459.61,0.0,19.96,0.0,delivered,debit_card,1942 Oak Ave,Special delivery instructions,TRK733526,626.8499999999999,2023-10-17 05:17:00+00:00
ORD_00690,197,PROD_054,9,247.75,335.87,385.86,11.27,29.73,0.0,shipped,cash,7027 Pine Rd,,TRK253954,2229.75,2023-11-22 20:11:00+00:00
ORD_00692,482,PROD_063,3,325.29,66.26,367.41,5.91,18.93,15.92,pending,cash,1532 Pine Rd,,TRK124191,975.8700000000001,2023-03-24 00:00:00
ORD_00693,124,PROD_195,5,344.43,652.88,545.89,19.19,16.6,0.0,pending,cash,5763 Oak Ave,Special delivery instructions,NOT_AVAILABLE,1722.15,2023-06-21 00:00:00
ORD_00694,252,PROD_191,6,91.86,671.24,806.74,16.59,16.57,0.0,returned,cash,1947 Pine Rd,Special delivery instructions,NOT_AVAILABLE,551.16,2023-04-25 15:57:00+00:00
ORD_00696,424,PROD_129,10,257.75,823.6,837.98,0.0,2.59,0.0,delivered,paypal,2503 Oak Ave,,NOT_AVAILABLE,2577.5,2023-07-27 00:00:00
ORD_00699,249,PROD_119,6,471.48,1004.28,133.02,0.0,46.44,0.0,shipped,credit_card,4196 Main St,,TRK355639,2828.88,2023-05-05 00:00:00
ORD_00700,316,PROD_063,5,435.07,432.17,167.37,19.6,23.96,35.21,shipped,credit_card,3863 Pine Rd,Special delivery instructions,NOT_AVAILABLE,2175.35,2023-07-22 21:30:00+00:00
ORD_00701,8,PROD_107,7,159.96,990.77,59.7,0.0,20.27,0.0,returned,cash,2990 Main St,,NOT_AVAILABLE,1119.72,2023-10-08 12:54:00+00:00
ORD_00702,154,PROD_131,5,332.13,184.58,287.34,20.78,18.14,0.0,delivered,debit_card,8819 Main St,,TRK372207,1660.65,2023-09-10 12:11:00+00:00
ORD_00703,430,PROD_093,7,375.45,1032.97,617.89,0.0,49.12,0.0,cancelled,cash,1590 Pine Rd,,TRK552636,2628.15,2023-07-06 00:00:00
ORD_00705,100,PROD_032,8,492.36,137.93,76.85,18.58,31.15,0.0,cancelled,credit_card,404 Main St,Special delivery instructions,NOT_AVAILABLE,3938.88,2023-04-03 16:16:00+00:00
ORD_00708,139,PROD_178,1,170.88,99.53,728.3,0.0,50.8,0.0,processing,paypal,7330 Pine Rd,,NOT_AVAILABLE,170.88,2023-09-30 00:00:00
ORD_00709,293,PROD_189,7,225.65,144.34,65.91,0.0,13.71,18.75,processing,credit_card,5709 Pine Rd,,TRK876614,1579.55,2023-01-25 12:06:00+00:00
ORD_00710,308,PROD_090,9,368.1,594.35,575.04,14.73,12.54,0.0,pending,cash,2708 Oak Ave,Special delivery instructions,TRK359234,3312.9,2023-06-19 00:00:00
ORD_00711,439,PROD_078,7,376.67,334.59,506.66,7.03,5.38,21.46,processing,debit_card,5028 Pine Rd,,TRK741742,2636.69,2023-09-23 10:37:00+00:00
ORD_00713,365,PROD_068,5,416.55,391.59,562.41,0.0,3.35,29.36,returned,cash,8874 Main St,,TRK847332,2082.75,2023-08-13 03:43:00+00:00
ORD_00714,189,PROD_199,4,256.35,790.19,99.28,9.84,32.16,0.0,cancelled,debit_card,3615 Oak Ave,,TRK890923,1025.4,NaT
ORD_00715,147,PROD_156,4,104.22,269.34,564.21,21.38,20.95,0.0,returned,bank_transfer,2982 Main St,,TRK584169,416.88,NaT
ORD_00717,102,PROD_117,10,430.79,694.19,443.95,14.04,34.36,0.0,pending,debit_card,7037 Pine Rd,,TRK477538,4307.900000000001,2023-12-15 00:00:00
ORD_00718,115,PROD_081,6,270.48,562.37,447.75,0.0,15.27,43.43,shipped,debit_card,4169 Oak Ave,,TRK799110,1622.88,2023-12-08 08:48:00+00:00
ORD_00721,151,PROD_177,6,82.65,371.98,267.05,19.84,9.41,0.0,cancelled,debit_card,6642 Pine Rd,,TRK466847,495.90000000000003,2023-08-28 02:05:00+00:00
ORD_00722,273,PROD_117,8,245.05,260.91,515.57,7.83,18.7,0.0,processing,cash,3787 Oak Ave,,TRK335547,1960.4,2023-05-27 03:46:00+00:00
ORD_00725,91,PROD_050,3,304.42,737.83,648.22,0.0,18.72,0.0,returned,bank_transfer,5175 Oak Ave,,TRK625793,913.26,2023-02-06 10:26:00+00:00
ORD_00727,267,PROD_032,3,190.09,187.48,644.07,9.7,23.17,0.0,cancelled,debit_card,1388 Pine Rd,,TRK981590,570.27,2023-05-10 05:27:00+00:00
ORD_00728,161,PROD_048,7,400.1,957.81,156.16,23.85,3.18,0.0,shipped,cash,8773 Oak Ave,,TRK403666,2800.7000000000003,2023-02-16 23:15:00+00:00
ORD_00729,284,PROD_132,5,351.96,972.95,43.47,8.18,38.01,0.0,cancelled,cash,811 Pine Rd,,TRK917000,1759.8,2023-02-27 19:59:00+00:00
ORD_00730,214,PROD_013,9,465.64,414.01,740.28,13.3,15.34,22.05,shipped,paypal,5261 Main St,Special delivery instructions,TRK575508,4190.76,2023-03-20 11:46:00+00:00
ORD_00731,381,PROD_120,4,472.3,886.85,337.4,10.28,5.53,7.7,processing,cash,7058 Oak Ave,,NOT_AVAILABLE,1889.2,2023-07-16 00:00:00
ORD_00732,455,PROD_167,7,402.43,923.16,110.23,23.66,13.68,0.0,cancelled,cash,3487 Oak Ave,,NOT_AVAILABLE,2817.01,2023-11-02 22:57:00+00:00
ORD_00733,469,PROD_112,6,179.99,670.82,789.63,21.51,23.17,0.0,returned,paypal,6660 Main St,Special delivery instructions,NOT_AVAILABLE,1079.94,2023-06-20 13:42:00+00:00
ORD_00734,78,PROD_154,1,375.65,103.9,497.38,15.81,50.7,0.0,cancelled,cash,8659 Main St,,NOT_AVAILABLE,375.65,2023-08-15 00:00:00
ORD_00735,457,PROD_088,5,485.25,620.26,102.96,21.34,8.04,29.69,pending,credit_card,6201 Main St,,TRK669641,2426.25,2023-09-25 00:00:00
ORD_00736,169,PROD_069,2,420.41,283.83,56.66,18.64,29.91,0.0,delivered,bank_transfer,1794 Main St,,TRK100952,840.82,2023-12-11 17:26:00+00:00
ORD_00738,255,PROD_161,6,103.98,428.05,548.03,0.0,3.97,49.24,returned,paypal,7800 Oak Ave,,NOT_AVAILABLE,623.88,2023-07-11 00:00:00
ORD_00739,183,PROD_021,2,462.18,657.92,759.97,15.6,29.24,0.0,delivered,cash,9288 Oak Ave,Special delivery instructions,TRK598182,924.36,2023-01-22 17:35:00+00:00
ORD_00740,415,PROD_034,7,267.02,71.16,796.4,9.17,29.53,0.0,delivered,bank_transfer,5833 Oak Ave,,TRK179720,1869.1399999999999,2023-06-22 00:00:00
ORD_00741,281,PROD_088,6,149.9,58.71,242.84,5.94,26.22,0.0,delivered,credit_card,3335 Main St,,TRK928955,899.4000000000001,2023-01-02 00:00:00
ORD_00742,200,PROD_161,4,218.35,1028.83,799.54,0.0,22.46,0.0,processing,debit_card,3778 Pine Rd,,NOT_AVAILABLE,873.4,2023-04-10 00:00:00
ORD_00743,411,PROD_017,1,499.63,770.48,667.18,22.37,47.87,0.0,processing,credit_card,5862 Main St,,NOT_AVAILABLE,499.63,2023-04-18 15:23:00+00:00
ORD_00746,118,PROD_089,5,41.73,281.04,826.5,9.29,16.82,0.0,processing,debit_card,3099 Main St,,NOT_AVAILABLE,208.64999999999998,2023-01-14 00:00:00
ORD_00747,302,PROD_187,7,191.63,476.98,129.33,0.0,25.67,0.0,shipped,debit_card,2350 Main St,Special delivery instructions,NOT_AVAILABLE,1341.4099999999999,2023-10-31 00:00:00
ORD_00748,375,PROD_016,4,83.06,180.84,344.75,0.0,28.9,2.83,pending,debit_card,5657 Oak Ave,,TRK390006,332.24,2023-02-27 00:17:00+00:00
ORD_00749,383,PROD_123,1,44.16,771.47,380.91,0.0,42.91,32.62,shipped,bank_transfer,5192 Pine Rd,,TRK742672,44.16,2023-12-16 00:33:00+00:00
ORD_00751,124,PROD_086,7,349.86,574.17,655.17,12.55,39.39,0.0,shipped,credit_card,6279 Pine Rd,Special delivery instructions,NOT_AVAILABLE,2449.02,2023-09-18 01:51:00+00:00
ORD_00752,51,PROD_100,3,199.36,241.89,201.87,14.26,50.9,0.0,pending,paypal,1688 Pine Rd,,NOT_AVAILABLE,598.08,2023-09-07 00:19:00+00:00
ORD_00753,61,PROD_088,4,72.85,764.63,156.26,7.98,38.98,0.0,processing,bank_transfer,1118 Oak Ave,,TRK601911,291.4,NaT
ORD_00754,29,PROD_128,9,282.52,632.13,680.65,20.41,45.07,0.0,cancelled,debit_card,7984 Oak Ave,,NOT_AVAILABLE,2542.68,2023-12-04 16:54:00+00:00
ORD_00756,137,PROD_025,5,204.93,1012.3,637.3,0.0,36.24,0.0,delivered,credit_card,8720 Pine Rd,,TRK861791,1024.65,NaT
ORD_00757,49,PROD_013,1,397.48,359.77,691.46,7.35,37.89,0.0,processing,credit_card,586 Main St,,TRK256446,397.48,2023-12-16 00:00:00
ORD_00759,11,PROD_091,4,362.38,114.22,702.78,0.0,36.88,0.0,processing,paypal,3623 Pine Rd,,TRK244797,1449.52,NaT
ORD_00760,490,PROD_054,9,273.99,302.33,242.96,0.0,45.89,23.03,pending,bank_transfer,6687 Pine Rd,,NOT_AVAILABLE,2465.91,2023-08-21 18:39:00+00:00
ORD_00761,56,PROD_158,5,502.46,693.12,358.19,0.0,10.3,5.76,shipped,credit_card,9919 Oak Ave,,NOT_AVAILABLE,2512.2999999999997,2023-12-21 23:59:00+00:00
ORD_00763,197,PROD_199,3,413.91,366.26,708.36,18.91,49.73,31.5,delivered,cash,430 Oak Ave,,TRK440329,1241.73,2023-01-06 02:22:00+00:00
ORD_00764,76,PROD_006,5,383.12,187.7,265.08,0.0,49.27,0.0,pending,cash,2149 Main St,,NOT_AVAILABLE,1915.6,2023-11-10 10:39:00+00:00
ORD_00765,276,PROD_021,3,366.09,164.17,723.47,0.0,28.25,0.0,delivered,bank_transfer,5402 Pine Rd,,NOT_AVAILABLE,1098.27,2023-08-04 00:00:00
ORD_00766,37,PROD_144,7,39.68,327.45,658.46,0.0,44.71,0.0,delivered,debit_card,1594 Oak Ave,,NOT_AVAILABLE,277.76,2023-04-05 00:00:00
ORD_00767,242,PROD_069,3,328.98,868.24,526.43,12.51,46.64,0.0,cancelled,paypal,3196 Main St,,TRK534364,986.94,2023-02-20 20:13:00+00:00
ORD_00768,37,PROD_185,8,81.58,524.26,452.72,5.32,43.12,0.0,processing,cash,3098 Oak Ave,,NOT_AVAILABLE,652.64,2023-04-19 00:00:00
ORD_00769,389,PROD_100,9,406.88,761.54,677.65,22.24,21.61,0.0,returned,credit_card,8993 Pine Rd,,TRK608688,3661.92,2023-02-19 07:06:00+00:00
ORD_00772,340,PROD_128,2,321.97,667.12,110.05,0.0,49.04,0.0,shipped,bank_transfer,9924 Main St,,TRK650851,643.94,2023-10-23 00:00:00
ORD_00774,364,PROD_033,7,196.86,230.54,685.45,10.99,29.69,0.0,processing,paypal,9037 Oak Ave,,NOT_AVAILABLE,1378.02,NaT
ORD_00775,98,PROD_130,2,398.4,618.54,241.22,0.0,51.87,0.0,processing,debit_card,3525 Oak Ave,Special delivery instructions,TRK184361,796.8,2023-02-16 00:00:00
ORD_00776,299,PROD_008,3,233.49,969.76,823.66,6.51,17.17,0.0,shipped,paypal,2759 Oak Ave,,TRK111674,700.47,2023-11-17 00:00:00
ORD_00777,404,PROD_142,9,115.39,419.39,84.17,12.66,38.39,47.11,processing,cash,7542 Pine Rd,,TRK721422,1038.51,2023-05-24 08:13:00+00:00
ORD_00778,33,PROD_057,9,501.12,121.79,461.6,0.0,37.42,23.6,delivered,cash,9705 Oak Ave,,TRK256390,4510.08,2023-11-14 02:28:00+00:00
ORD_00779,220,PROD_114,4,473.4,594.97,265.49,16.68,29.1,0.0,cancelled,cash,9464 Pine Rd,,TRK178308,1893.6,2023-10-23 08:22:00+00:00
ORD_00782,126,PROD_088,8,375.41,662.64,341.31,5.92,30.19,0.0,returned,bank_transfer,602 Pine Rd,,TRK705123,3003.28,2023-04-10 09:29:00+00:00
ORD_00783,322,PROD_184,8,305.32,205.55,310.28,12.71,41.74,18.01,pending,paypal,7491 Main St,,NOT_AVAILABLE,2442.56,2023-03-03 00:00:00
ORD_00784,147,PROD_178,2,418.39,213.73,258.81,14.53,48.38,0.0,delivered,debit_card,361 Pine Rd,,NOT_AVAILABLE,836.78,NaT
ORD_00786,377,PROD_130,9,202.21,525.37,154.39,7.38,35.31,0.0,delivered,cash,9538 Pine Rd,,TRK783956,1819.89,2023-05-11 20:11:00+00:00
ORD_00787,483,PROD_101,7,269.02,302.85,232.82,16.93,2.87,23.65,delivered,bank_transfer,4615 Main St,,NOT_AVAILABLE,1883.1399999999999,NaT
ORD_00788,232,PROD_184,1,363.13,524.71,96.26,18.67,22.85,0.0,returned,credit_card,8166 Main St,,TRK209292,363.13,2023-08-21 00:00:00
ORD_00789,119,PROD_079,4,314.43,1048.07,476.4,0.0,26.18,0.0,processing,bank_transfer,3042 Oak Ave,,NOT_AVAILABLE,1257.72,2023-05-13 09:47:00+00:00
ORD_00790,107,PROD_130,1,17.8,647.09,642.11,0.0,29.07,0.0,returned,paypal,5674 Pine Rd,,TRK778383,17.8,2023-04-21 00:00:00
ORD_00791,60,PROD_103,3,87.91,896.33,816.77,8.57,39.41,22.84,shipped,bank_transfer,8057 Pine Rd,,NOT_AVAILABLE,263.73,2023-09-05 00:00:00
ORD_00792,427,PROD_046,10,33.97,562.92,717.48,0.0,7.2,0.0,cancelled,credit_card,1797 Oak Ave,,NOT_AVAILABLE,339.7,2023-08-11 00:00:00
ORD_00794,281,PROD_197,9,258.51,975.0,52.02,18.02,47.91,0.0,cancelled,debit_card,3454 Pine Rd,,NOT_AVAILABLE,2326.59,2023-12-05 06:20:00+00:00
ORD_00795,498,PROD_097,6,150.03,204.24,509.27,6.16,29.2,0.0,delivered,paypal,1513 Oak Ave,,TRK138038,900.1800000000001,2023-02-14 00:00:00
ORD_00796,203,PROD_144,7,137.51,875.16,349.27,0.0,36.16,0.0,cancelled,credit_card,4484 Oak Ave,,TRK638664,962.5699999999999,2023-11-12 18:48:00+00:00
ORD_00797,74,PROD_111,3,407.23,855.08,410.97,22.43,20.6,3.53,delivered,debit_card,7335 Pine Rd,,TRK224244,1221.69,2023-02-07 02:22:00+00:00
ORD_00798,487,PROD_050,2,38.85,654.95,750.67,19.49,29.73,33.02,returned,credit_card,5404 Oak Ave,,NOT_AVAILABLE,77.7,2023-03-27 16:23:00+00:00
ORD_00800,306,PROD_176,4,340.58,517.94,651.89,16.77,11.28,0.0,cancelled,paypal,5828 Pine Rd,,TRK396847,1362.32,NaT
ORD_00801,241,PROD_172,1,478.03,968.35,580.66,17.87,6.68,5.42,cancelled,debit_card,5799 Oak Ave,,TRK801840,478.03,2023-02-28 14:46:00+00:00
ORD_00802,334,PROD_076,8,247.68,229.7,194.69,11.47,23.49,0.0,processing,credit_card,9214 Pine Rd,,NOT_AVAILABLE,1981.44,2023-01-25 10:10:00+00:00
ORD_00806,298,PROD_110,9,333.27,224.76,357.41,20.25,41.4,9.37,returned,debit_card,3899 Main St,,TRK709400,2999.43,2023-06-24 11:59:00+00:00
ORD_00807,122,PROD_198,2,404.82,501.85,511.01,7.26,9.44,0.0,shipped,credit_card,1845 Main St,,TRK959016,809.64,2023-07-01 00:00:00
ORD_00809,273,PROD_168,3,208.74,974.26,289.99,14.43,15.9,0.0,cancelled,cash,6504 Pine Rd,,NOT_AVAILABLE,626.22,NaT
ORD_00812,291,PROD_022,9,367.96,645.12,574.8,0.0,22.69,0.0,shipped,paypal,5041 Oak Ave,Special delivery instructions,TRK480827,3311.64,2023-06-24 00:00:00
ORD_00814,152,PROD_140,4,108.28,626.1,205.23,12.34,46.02,0.0,returned,debit_card,3691 Main St,,TRK643719,433.12,2023-04-18 00:00:00
ORD_00816,296,PROD_187,4,200.33,601.09,718.67,0.0,44.73,0.0,processing,cash,1277 Main St,Special delivery instructions,TRK855795,801.32,2023-04-09 19:08:00+00:00
ORD_00817,477,PROD_187,8,312.8,737.56,815.23,0.0,4.08,0.0,delivered,debit_card,723 Oak Ave,,NOT_AVAILABLE,2502.4,2023-12-08 07:10:00+00:00
ORD_00818,340,PROD_184,10,225.72,792.2,343.1,0.0,36.45,0.0,shipped,bank_transfer,9232 Oak Ave,,NOT_AVAILABLE,2257.2,2023-08-21 00:00:00
ORD_00819,151,PROD_022,2,19.92,185.01,578.59,0.0,51.75,0.0,shipped,bank_transfer,7785 Oak Ave,,NOT_AVAILABLE,39.84,2023-07-23 03:56:00+00:00
ORD_00822,328,PROD_086,1,341.94,348.18,205.05,22.11,23.45,0.0,,bank_transfer,3689 Oak Ave,,NOT_AVAILABLE,341.94,2023-04-04 00:00:00
ORD_00823,102,PROD_086,3,90.78,432.54,236.74,0.0,3.87,18.17,shipped,debit_card,9438 Pine Rd,Special delivery instructions,TRK830016,272.34000000000003,2023-07-09 00:00:00
ORD_00825,406,PROD_025,2,497.71,905.56,754.33,12.48,28.82,45.94,cancelled,credit_card,8546 Oak Ave,,TRK946266,995.42,2023-03-10 08:42:00+00:00
ORD_00826,429,PROD_110,4,37.34,553.39,122.44,9.56,26.62,0.0,returned,debit_card,8876 Oak Ave,,TRK887879,149.36,NaT
ORD_00827,499,PROD_088,5,466.42,887.34,406.72,12.57,6.98,0.0,cancelled,debit_card,3081 Pine Rd,,NOT_AVAILABLE,2332.1,2023-11-10 11:41:00+00:00
ORD_00829,14,PROD_100,10,68.18,122.14,659.26,12.47,41.19,0.0,pending,credit_card,4706 Main St,,NOT_AVAILABLE,681.8000000000001,2023-02-06 15:27:00+00:00
ORD_00830,138,PROD_064,9,471.89,627.18,801.34,24.31,19.45,46.02,delivered,cash,5130 Pine Rd,,TRK724943,4247.01,2023-05-21 18:26:00+00:00
ORD_00832,332,PROD_111,10,378.73,923.35,443.12,17.92,9.42,0.0,processing,paypal,8343 Oak Ave,,TRK721139,3787.3,2023-12-15 18:08:00+00:00
ORD_00833,275,PROD_172,2,466.3,902.16,245.42,15.48,27.61,0.0,pending,cash,1231 Main St,,TRK403095,932.6,2023-08-11 12:06:00+00:00
ORD_00834,236,PROD_012,3,174.17,109.01,577.39,0.0,51.31,0.0,pending,paypal,3393 Pine Rd,,NOT_AVAILABLE,522.51,2023-05-24 05:19:00+00:00
ORD_00835,165,PROD_012,1,405.43,1011.68,113.89,0.0,35.69,0.0,cancelled,paypal,6119 Main St,,NOT_AVAILABLE,405.43,2023-09-14 12:12:00+00:00
ORD_00837,359,PROD_040,9,229.77,651.68,338.73,16.81,5.31,0.0,shipped,paypal,1976 Main St,,TRK701537,2067.9300000000003,2023-04-23 12:38:00+00:00
ORD_00838,447,PROD_065,1,155.69,787.45,470.63,22.75,27.11,0.0,processing,bank_transfer,1388 Oak Ave,,TRK576807,155.69,2023-04-18 18:42:00+00:00
ORD_00839,392,PROD_121,9,125.07,746.85,62.36,18.46,24.86,0.0,delivered,bank_transfer,2641 Main St,,NOT_AVAILABLE,1125.6299999999999,2023-03-26 00:00:00
ORD_00840,473,PROD_166,8,195.26,570.17,331.68,0.0,9.09,0.0,returned,bank_transfer,3285 Main St,,NOT_AVAILABLE,1562.08,NaT
ORD_00841,467,PROD_012,2,161.12,777.02,637.11,22.79,18.11,0.0,returned,credit_card,5060 Pine Rd,,TRK259770,322.24,2023-07-22 00:00:00
ORD_00842,279,PROD_049,8,477.41,964.19,384.96,0.0,46.38,20.5,pending,bank_transfer,1357 Oak Ave,,TRK189705,3819.28,2023-11-27 01:02:00+00:00
ORD_00843,167,PROD_175,2,216.73,798.05,578.58,9.66,22.54,32.03,cancelled,paypal,8954 Pine Rd,,TRK588254,433.46,2023-03-08 21:04:00+00:00
ORD_00844,153,PROD_139,9,98.3,343.21,723.47,8.22,35.43,0.0,cancelled,debit_card,1702 Main St,,TRK409032,884.6999999999999,2023-08-05 10:16:00+00:00
ORD_00849,48,PROD_063,9,460.54,738.42,323.71,24.95,2.32,0.0,delivered,credit_card,4314 Oak Ave,,TRK263766,4144.860000000001,2023-12-19 02:27:00+00:00
ORD_00850,138,PROD_128,7,471.29,783.01,252.35,0.0,30.33,0.0,returned,debit_card,1225 Pine Rd,,NOT_AVAILABLE,3299.03,NaT
ORD_00851,325,PROD_050,5,17.78,239.69,151.83,13.33,16.88,8.38,delivered,cash,2519 Oak Ave,,TRK139898,88.9,2023-03-18 08:01:00+00:00
ORD_00852,282,PROD_167,2,12.03,378.31,404.49,20.03,31.18,0.0,shipped,bank_transfer,8267 Oak Ave,,TRK250857,24.06,2023-12-06 00:00:00
ORD_00853,97,PROD_131,8,19.23,227.31,741.64,0.0,5.53,0.0,pending,paypal,6467 Main St,,TRK471686,153.84,2023-04-07 00:00:00
ORD_00855,379,PROD_044,4,197.06,320.26,835.35,21.45,8.57,0.0,pending,bank_transfer,5088 Pine Rd,,NOT_AVAILABLE,788.24,2023-06-06 00:00:00
ORD_00856,416,PROD_111,8,76.85,450.71,718.85,15.8,25.43,0.0,pending,bank_transfer,524 Oak Ave,,TRK963227,614.8,2023-10-01 10:42:00+00:00
ORD_00857,428,PROD_130,5,246.87,855.73,86.5,24.35,29.75,0.0,delivered,cash,2200 Oak Ave,Special delivery instructions,TRK210454,1234.35,2023-06-15 03:10:00+00:00
ORD_00858,434,PROD_161,4,178.58,149.96,351.14,0.0,23.34,0.0,returned,bank_transfer,665 Oak Ave,Special delivery instructions,TRK236639,714.32,2023-11-21 18:57:00+00:00
ORD_00859,368,PROD_109,8,33.55,916.48,249.39,14.32,43.69,0.0,shipped,credit_card,2370 Main St,,NOT_AVAILABLE,268.4,NaT
ORD_00860,145,PROD_126,8,279.96,91.09,72.4,7.9,36.4,40.77,pending,credit_card,5602 Main St,Special delivery instructions,NOT_AVAILABLE,2239.68,2023-09-28 13:22:00+00:00
ORD_00862,181,PROD_144,9,76.45,128.08,656.94,0.0,9.94,0.0,processing,debit_card,9727 Pine Rd,Special delivery instructions,TRK253562,688.0500000000001,2023-04-24 00:00:00
ORD_00863,129,PROD_032,3,22.58,270.29,207.86,24.28,34.21,19.74,pending,cash,6658 Main St,,TRK784695,67.74,NaT
ORD_00865,26,PROD_062,1,201.49,414.01,456.16,13.05,14.81,0.0,cancelled,debit_card,9929 Main St,Special delivery instructions,NOT_AVAILABLE,201.49,2023-04-02 10:19:00+00:00
ORD_00866,391,PROD_131,3,179.4,1037.67,502.48,0.0,47.45,11.79,delivered,bank_transfer,6404 Pine Rd,,TRK534775,538.2,2023-08-08 02:29:00+00:00
ORD_00867,344,PROD_092,1,402.7,547.32,752.91,10.52,51.81,0.0,returned,bank_transfer,7 Pine Rd,Special delivery instructions,NOT_AVAILABLE,402.7,NaT
ORD_00869,28,PROD_170,5,441.94,547.82,823.8,6.64,5.26,25.53,cancelled,cash,1284 Pine Rd,,TRK943371,2209.7,2023-09-03 07:32:00+00:00
ORD_00871,487,PROD_059,3,258.7,177.74,609.55,0.0,35.21,0.0,shipped,credit_card,3354 Oak Ave,,TRK441388,776.0999999999999,2023-02-02 00:00:00
ORD_00872,439,PROD_032,9,437.35,290.07,393.59,12.91,21.37,0.0,shipped,bank_transfer,5004 Oak Ave,,TRK753039,3936.15,2023-04-14 05:45:00+00:00
ORD_00874,244,PROD_040,2,474.59,871.81,111.37,0.0,27.01,0.0,processing,paypal,3193 Pine Rd,,TRK639124,949.18,2023-06-15 20:40:00+00:00
ORD_00875,287,PROD_176,10,173.54,638.25,224.26,0.0,36.46,0.0,cancelled,paypal,4591 Pine Rd,,NOT_AVAILABLE,1735.3999999999999,2023-07-07 00:00:00
ORD_00880,372,PROD_114,5,499.82,56.06,482.32,0.0,2.39,0.0,returned,cash,7335 Oak Ave,,TRK797301,2499.1,2023-12-09 10:02:00+00:00
ORD_00881,238,PROD_049,10,127.15,384.87,541.79,19.62,39.89,0.0,cancelled,cash,3605 Pine Rd,Special delivery instructions,NOT_AVAILABLE,1271.5,2023-07-17 01:46:00+00:00
ORD_00882,322,PROD_032,2,187.93,52.79,223.3,16.81,6.1,0.0,shipped,debit_card,7286 Pine Rd,Special delivery instructions,TRK968167,375.86,2023-08-06 22:20:00+00:00
ORD_00886,397,PROD_103,10,286.63,985.16,802.29,18.11,33.81,0.0,cancelled,paypal,1458 Pine Rd,,NOT_AVAILABLE,2866.3,NaT
ORD_00888,146,PROD_139,3,199.65,873.8,288.08,0.0,48.47,3.21,delivered,credit_card,8097 Oak Ave,Special delivery instructions,TRK585415,598.95,2023-02-09 00:00:00
ORD_00892,447,PROD_050,3,40.96,887.41,577.83,17.32,26.52,0.0,processing,credit_card,3326 Oak Ave,,NOT_AVAILABLE,122.88,2023-10-19 08:20:00+00:00
ORD_00893,329,PROD_123,9,436.23,75.21,238.26,0.0,12.1,0.0,pending,bank_transfer,3263 Main St,,NOT_AVAILABLE,3926.07,2023-05-08 00:00:00
ORD_00894,100,PROD_013,3,327.5,297.54,166.7,0.0,44.48,9.28,cancelled,debit_card,3148 Oak Ave,,NOT_AVAILABLE,982.5,2023-04-06 00:00:00
ORD_00895,39,PROD_169,7,186.3,753.07,602.01,16.12,38.54,0.0,shipped,debit_card,2281 Pine Rd,,TRK447233,1304.1000000000001,2023-09-19 00:00:00
ORD_00896,409,PROD_003,7,500.67,316.08,505.17,7.65,36.18,0.0,shipped,debit_card,3432 Main St,Special delivery instructions,NOT_AVAILABLE,3504.69,2023-12-15 00:00:00
ORD_00897,332,PROD_189,8,16.35,968.5,40.59,9.57,29.87,0.0,shipped,debit_card,6220 Pine Rd,Special delivery instructions,TRK907751,130.8,NaT
ORD_00901,95,PROD_062,7,471.61,1012.56,722.26,11.44,31.41,0.0,delivered,credit_card,1372 Oak Ave,,TRK103786,3301.27,2023-08-17 20:45:00+00:00
ORD_00903,97,PROD_080,10,84.07,573.57,502.14,0.0,32.12,0.0,processing,paypal,7583 Main St,,TRK721680,840.6999999999999,2023-09-02 01:14:00+00:00
ORD_00906,263,PROD_173,2,254.35,982.84,641.36,0.0,14.17,25.65,delivered,debit_card,5806 Oak Ave,,NOT_AVAILABLE,508.7,2023-12-17 22:28:00+00:00
ORD_00907,296,PROD_079,5,29.2,1014.02,644.4,5.45,24.81,0.0,cancelled,cash,6983 Pine Rd,,TRK342401,146.0,2022-12-31 23:36:00+00:00
ORD_00908,361,PROD_124,7,408.1,191.06,380.69,0.0,51.26,0.0,pending,credit_card,9916 Pine Rd,,NOT_AVAILABLE,2856.7000000000003,2023-01-06 00:00:00
ORD_00909,53,PROD_055,2,107.53,761.46,704.79,9.24,50.27,0.0,pending,bank_transfer,2961 Oak Ave,,TRK996593,215.06,NaT
ORD_00910,273,PROD_008,4,396.79,728.44,421.56,22.87,33.0,0.0,processing,bank_transfer,4546 Main St,,TRK238124,1587.16,2023-01-05 18:16:00+00:00
ORD_00911,237,PROD_189,8,147.5,1016.03,607.5,22.23,2.31,0.0,shipped,bank_transfer,1546 Oak Ave,,TRK395448,1180.0,2023-07-10 21:57:00+00:00
ORD_00912,78,PROD_021,4,471.24,850.88,506.62,12.23,14.39,40.62,returned,bank_transfer,2428 Oak Ave,,TRK156281,1884.96,2023-10-31 00:00:00
ORD_00915,222,PROD_082,1,53.78,365.74,395.38,23.53,44.81,18.21,shipped,credit_card,8390 Pine Rd,,NOT_AVAILABLE,53.78,2023-01-15 04:43:00+00:00
ORD_00916,224,PROD_097,4,385.23,537.01,645.8,9.58,7.78,41.21,shipped,debit_card,771 Pine Rd,,NOT_AVAILABLE,1540.92,2023-10-06 11:11:00+00:00
ORD_00918,400,PROD_132,2,444.22,222.53,179.16,23.75,48.32,0.0,processing,debit_card,800 Main St,Special delivery instructions,NOT_AVAILABLE,888.44,2023-01-27 00:00:00
ORD_00921,127,PROD_016,8,434.97,217.92,270.8,14.68,36.77,0.0,delivered,debit_card,4863 Oak Ave,,TRK379742,3479.76,2023-10-06 14:41:00+00:00
ORD_00922,299,PROD_122,5,289.18,157.24,662.61,21.5,30.35,0.0,,cash,9784 Pine Rd,,NOT_AVAILABLE,1445.9,2023-11-23 18:34:00+00:00
ORD_00923,395,PROD_123,1,136.45,74.1,155.34,24.57,36.73,0.0,processing,cash,734 Main St,,NOT_AVAILABLE,136.45,2023-05-21 00:00:00
ORD_00925,59,PROD_101,10,402.27,732.35,170.94,21.32,43.71,0.0,shipped,cash,2827 Pine Rd,,NOT_AVAILABLE,4022.7,2023-03-14 19:22:00+00:00
ORD_00926,443,PROD_176,8,356.46,338.45,222.85,23.05,49.44,0.0,pending,bank_transfer,4348 Oak Ave,,TRK204312,2851.68,2023-10-01 00:00:00
ORD_00928,334,PROD_119,6,451.53,430.07,90.8,7.28,48.74,0.0,cancelled,credit_card,8697 Oak Ave,,TRK436277,2709.18,2023-05-28 03:33:00+00:00
ORD_00929,298,PROD_069,3,391.52,198.41,95.17,0.0,30.92,0.0,returned,cash,8778 Main St,,TRK631395,1174.56,2023-07-22 08:35:00+00:00
ORD_00930,5,PROD_110,8,12.7,813.48,454.96,16.72,45.15,0.0,pending,cash,9499 Pine Rd,,TRK184973,101.6,2023-09-08 00:00:00
ORD_00931,239,PROD_184,7,268.05,85.21,200.46,21.55,30.34,0.0,shipped,credit_card,5953 Pine Rd,,TRK407785,1876.3500000000001,2023-09-12 14:41:00+00:00
ORD_00932,119,PROD_025,7,71.76,924.75,602.4,0.0,33.84,0.0,returned,bank_transfer,3729 Pine Rd,,TRK419990,502.32000000000005,2023-09-11 16:20:00+00:00
ORD_00933,120,PROD_070,9,169.74,355.99,148.74,13.09,2.48,0.0,processing,credit_card,333 Oak Ave,,NOT_AVAILABLE,1527.66,2023-11-13 21:19:00+00:00
ORD_00934,71,PROD_068,7,346.94,524.43,719.09,5.45,49.96,0.0,returned,bank_transfer,6273 Oak Ave,,TRK286391,2428.58,2023-01-12 21:13:00+00:00
ORD_00936,298,PROD_016,9,66.61,101.94,628.31,0.0,21.5,14.93,,cash,585 Pine Rd,,TRK568358,599.49,2023-02-22 10:32:00+00:00
ORD_00937,360,PROD_009,1,331.07,390.26,727.08,0.0,40.68,0.0,delivered,debit_card,321 Pine Rd,,NOT_AVAILABLE,331.07,2023-12-01 00:00:00
ORD_00939,308,PROD_109,7,192.64,789.62,674.49,0.0,6.32,33.23,pending,credit_card,5232 Oak Ave,,TRK243662,1348.48,2023-11-03 13:27:00+00:00
ORD_00940,464,PROD_107,6,99.62,441.58,194.06,18.51,51.33,0.0,shipped,debit_card,3544 Oak Ave,Special delivery instructions,NOT_AVAILABLE,597.72,2023-05-10 05:42:00+00:00
ORD_00941,102,PROD_122,3,20.08,700.51,712.13,16.56,16.67,0.0,delivered,credit_card,9907 Main St,,TRK223497,60.239999999999995,2023-08-24 07:55:00+00:00
ORD_00942,358,PROD_160,5,147.05,399.13,134.79,0.0,14.48,0.0,delivered,credit_card,5163 Oak Ave,,NOT_AVAILABLE,735.25,2023-12-06 15:59:00+00:00
ORD_00943,302,PROD_018,7,122.01,274.64,671.7,11.01,3.03,0.0,returned,paypal,446 Pine Rd,,TRK805231,854.07,2023-03-05 14:58:00+00:00
ORD_00944,76,PROD_173,4,74.03,735.96,593.86,11.65,37.86,8.69,shipped,bank_transfer,8128 Main St,,TRK246897,296.12,NaT
ORD_00945,342,PROD_036,8,467.33,443.84,700.75,16.53,5.53,0.0,returned,credit_card,1453 Oak Ave,,TRK236731,3738.64,2023-06-13 02:03:00+00:00
ORD_00946,10,PROD_104,8,269.5,167.6,250.3,0.0,32.67,6.55,cancelled,cash,2016 Main St,,TRK879042,2156.0,NaT
ORD_00947,50,PROD_039,1,470.48,604.15,210.41,0.0,41.66,23.69,returned,debit_card,9563 Oak Ave,Special delivery instructions,NOT_AVAILABLE,470.48,2023-10-07 01:17:00+00:00
ORD_00948,22,PROD_074,10,442.17,996.11,431.21,10.7,36.71,0.0,delivered,bank_transfer,1943 Main St,,TRK390896,4421.7,2023-03-04 16:22:00+00:00
ORD_00949,363,PROD_018,10,468.16,366.53,174.83,0.0,46.56,0.0,,bank_transfer,7395 Pine Rd,Special delivery instructions,TRK181679,4681.6,2023-06-03 20:11:00+00:00
ORD_00952,236,PROD_014,10,374.75,222.46,493.54,16.53,8.81,0.0,pending,paypal,8714 Oak Ave,,TRK634480,3747.5,2023-11-22 00:00:00
ORD_00953,164,PROD_200,7,480.28,167.93,800.99,9.44,30.47,0.0,returned,cash,3256 Oak Ave,,TRK379703,3361.96,NaT
ORD_00954,348,PROD_176,6,243.57,585.72,468.54,0.0,34.1,0.0,returned,bank_transfer,6313 Pine Rd,Special delivery instructions,TRK188569,1461.42,2023-08-21 08:59:00+00:00
ORD_00955,384,PROD_057,3,127.94,743.29,694.74,6.11,48.72,17.12,processing,credit_card,6515 Main St,,TRK216125,383.82,2023-10-17 03:16:00+00:00
ORD_00956,331,PROD_043,9,88.9,659.18,750.7,0.0,44.92,38.65,cancelled,debit_card,3036 Main St,,NOT_AVAILABLE,800.1,2023-10-31 00:00:00
ORD_00957,468,PROD_124,2,443.26,968.62,826.19,0.0,39.69,0.0,returned,credit_card,9040 Oak Ave,,NOT_AVAILABLE,886.52,2023-06-07 00:00:00
ORD_00958,292,PROD_081,10,254.15,393.43,772.28,19.11,39.49,0.0,shipped,paypal,4415 Pine Rd,,TRK469952,2541.5,2023-12-15 13:17:00+00:00
ORD_00960,282,PROD_026,5,495.53,478.05,208.81,0.0,19.15,4.24,processing,credit_card,1244 Pine Rd,,NOT_AVAILABLE,2477.6499999999996,2023-08-28 02:57:00+00:00
ORD_00961,84,PROD_163,3,347.32,104.06,685.23,0.0,12.26,0.0,delivered,cash,4641 Main St,,TRK306110,1041.96,2023-11-30 00:00:00
ORD_00962,375,PROD_045,7,500.12,246.43,305.02,5.7,13.26,0.0,returned,bank_transfer,1526 Oak Ave,,TRK353179,3500.84,2023-12-19 00:00:00
ORD_00963,411,PROD_099,10,438.38,453.92,276.31,8.9,14.12,0.0,shipped,debit_card,7979 Oak Ave,,TRK892885,4383.8,2023-04-24 15:28:00+00:00
ORD_00965,161,PROD_033,7,280.31,278.37,510.0,23.6,45.18,0.0,shipped,cash,7780 Pine Rd,,NOT_AVAILABLE,1962.17,2023-09-23 23:49:00+00:00
ORD_00966,280,PROD_016,4,235.82,454.38,756.59,23.11,48.19,0.0,pending,bank_transfer,6040 Oak Ave,,NOT_AVAILABLE,943.28,2023-04-03 23:33:00+00:00
ORD_00967,259,PROD_080,6,502.15,255.7,83.92,8.68,26.86,0.0,pending,cash,1341 Main St,,TRK161705,3012.8999999999996,2023-03-07 00:00:00
ORD_00968,418,PROD_111,3,72.68,584.31,447.72,8.23,2.3,13.55,shipped,cash,12 Oak Ave,,NOT_AVAILABLE,218.04000000000002,2023-02-17 20:54:00+00:00
ORD_00970,9,PROD_025,8,462.69,932.44,820.24,0.0,38.87,38.98,cancelled,bank_transfer,3497 Pine Rd,,TRK375039,3701.52,2023-06-06 11:46:00+00:00
ORD_00971,276,PROD_049,10,56.89,435.13,122.49,0.0,11.71,37.09,shipped,credit_card,9088 Oak Ave,,NOT_AVAILABLE,568.9,2023-02-01 00:00:00
ORD_00972,444,PROD_162,8,23.0,731.59,201.94,13.29,13.72,31.64,shipped,bank_transfer,4045 Oak Ave,,TRK444076,184.0,2023-10-20 10:06:00+00:00
ORD_00973,368,PROD_124,8,325.6,858.19,663.42,0.0,19.27,9.99,pending,cash,5962 Oak Ave,Special delivery instructions,TRK616552,2604.8,2023-05-19 10:12:00+00:00
ORD_00975,298,PROD_080,4,390.47,778.35,617.77,14.22,22.71,0.0,cancelled,cash,1079 Pine Rd,,TRK890740,1561.88,2023-01-12 17:45:00+00:00
ORD_00977,142,PROD_011,1,452.16,612.27,702.17,16.07,45.03,0.0,processing,paypal,8263 Pine Rd,,NOT_AVAILABLE,452.16,2023-12-02 00:00:00
ORD_00978,216,PROD_092,7,264.91,864.61,647.21,10.39,15.97,15.68,delivered,paypal,7033 Pine Rd,,NOT_AVAILABLE,1854.3700000000001,2023-12-04 00:00:00
ORD_00980,317,PROD_187,3,40.62,1002.19,501.97,19.56,24.64,0.0,delivered,debit_card,3642 Oak Ave,,TRK355180,121.85999999999999,2023-05-10 00:00:00
ORD_00982,39,PROD_156,2,236.86,486.98,107.19,0.0,12.75,0.0,pending,credit_card,7246 Pine Rd,,TRK452209,473.72,2023-03-24 00:46:00+00:00
ORD_00983,422,PROD_167,5,287.26,450.95,780.33,15.67,36.14,0.0,shipped,bank_transfer,1029 Pine Rd,Special delivery instructions,TRK325820,1436.3,2023-08-15 11:26:00+00:00
ORD_00985,114,PROD_102,7,461.22,93.55,400.64,15.13,50.6,36.86,cancelled,cash,2779 Pine Rd,,NOT_AVAILABLE,3228.54,2023-03-21 00:00:00
ORD_00986,84,PROD_083,8,17.97,973.53,249.51,14.35,14.88,0.0,delivered,debit_card,1611 Pine Rd,,NOT_AVAILABLE,143.76,NaT
ORD_00987,412,PROD_190,8,394.03,349.66,266.94,18.42,31.93,5.65,pending,credit_card,4549 Oak Ave,,TRK311623,3152.24,NaT
ORD_00988,447,PROD_052,1,458.14,298.53,83.4,0.0,31.9,0.0,processing,cash,6578 Pine Rd,,NOT_AVAILABLE,458.14,2023-10-07 11:50:00+00:00
ORD_00990,202,PROD_032,9,438.51,474.51,703.67,0.0,21.18,0.0,delivered,paypal,7216 Main St,Special delivery instructions,TRK279230,3946.59,2023-03-22 23:34:00+00:00
ORD_00991,2,PROD_074,1,319.72,818.85,507.88,19.75,17.69,0.0,processing,credit_card,277 Oak Ave,,TRK782845,319.72,2023-07-06 23:36:00+00:00
ORD_00995,121,PROD_103,3,240.64,981.48,360.56,0.0,6.6,0.0,cancelled,paypal,9623 Oak Ave,,TRK530184,721.92,2023-09-18 13:16:00+00:00
ORD_00996,393,PROD_079,5,398.6,1044.12,496.6,16.92,6.64,4.1,returned,bank_transfer,8841 Main St,Special delivery instructions,NOT_AVAILABLE,1993.0,2023-05-22 00:00:00
ORD_00997,290,PROD_056,3,113.31,593.38,311.62,12.26,26.44,0.0,returned,cash,1892 Pine Rd,,NOT_AVAILABLE,339.93,2023-10-06 16:41:00+00:00
ORD_00998,205,PROD_163,8,70.27,398.45,705.24,24.52,44.16,0.0,processing,paypal,4661 Main St,,TRK538230,562.16,2023-11-04 10:19:00+00:00
ORD_00999,178,PROD_025,1,224.37,297.69,389.65,16.74,44.71,0.0,pending,paypal,1954 Oak Ave,Special delivery instructions,NOT_AVAILABLE,224.37,2023-11-02 00:00:00
ORD_01000,165,PROD_112,1,181.34,678.6,468.33,0.0,20.88,0.0,cancelled,paypal,9248 Oak Ave,,TRK367623,181.34,2023-03-13 15:19:00+00:00
